ISO-10303-21;
HEADER;
FILE_DESCRIPTION (( 'STEP AP203' ),
    '1' );
FILE_NAME ('User Library-VSMY2850RG.STEP',
    '2025-09-18T06:48:26',
    ( '' ),
    ( '' ),
    'SwSTEP 2.0',
    'SolidWorks 2022',
    '' );
FILE_SCHEMA (( 'CONFIG_CONTROL_DESIGN' ));
ENDSEC;

DATA;
#1 = ORIENTED_EDGE ( 'NONE', *, *, #784, .T. ) ;
#2 = DIRECTION ( 'NONE',  ( 0.0000000000000000000, -0.9999999999999991118, -4.371140915892995802E-08 ) ) ;
#3 = ORIENTED_EDGE ( 'NONE', *, *, #236, .T. ) ;
#4 = CARTESIAN_POINT ( 'NONE',  ( 0.8550266142788883750, 0.4085156858222356302, -0.04986897874339000364 ) ) ;
#5 = DATE_AND_TIME ( #323, #15 ) ;
#6 = VECTOR ( 'NONE', #493, 1000.000000000000000 ) ;
#7 = CARTESIAN_POINT ( 'NONE',  ( 1.060651532585371370, -0.2000399790099993136, -0.04989088674321612293 ) ) ;
#8 = CARTESIAN_POINT ( 'NONE',  ( -2.906979581469991913, -0.2500001587183338092, -0.2487826101576890436 ) ) ;
#9 = AXIS2_PLACEMENT_3D ( 'NONE', #898, #1675, #1832 ) ;
#10 = EDGE_LOOP ( 'NONE', ( #1335, #152, #333, #1876, #1903, #1952 ) ) ;
#11 = AXIS2_PLACEMENT_3D ( 'NONE', #371, #1001, #856 ) ;
#12 = CARTESIAN_POINT ( 'NONE',  ( -1.985656825221297161, 0.2499988418217009845, -0.2858592353201862002 ) ) ;
#13 = EDGE_CURVE ( 'NONE', #1964, #941, #604, .T. ) ;
#14 = ORIENTED_EDGE ( 'NONE', *, *, #1111, .F. ) ;
#15 = LOCAL_TIME ( 2, 48, 26.00000000000000000, #1739 ) ;
#16 = VECTOR ( 'NONE', #999, 1000.000000000000114 ) ;
#17 = CARTESIAN_POINT ( 'NONE',  ( -9.867439985002184768E-06, -0.8748901876253086796, 0.2931348342479775937 ) ) ;
#18 = DIRECTION ( 'NONE',  ( 5.782411586589357244E-15, 4.371140927515726471E-08, -0.9999999999999991118 ) ) ;
#19 = CARTESIAN_POINT ( 'NONE',  ( -9.867439985593583172E-06, -0.9474898038915613441, -0.04991779492946513824 ) ) ;
#20 = CARTESIAN_POINT ( 'NONE',  ( 0.3647440191974227197, 0.6234043768637846927, 0.6735678525944056583 ) ) ;
#21 = VERTEX_POINT ( 'NONE', #1034 ) ;
#22 = EDGE_CURVE ( 'NONE', #1375, #84, #250, .T. ) ;
#23 = CARTESIAN_POINT ( 'NONE',  ( -9.867439985100565951E-06, -4.168493167181278047E-05, -0.002500484585624959850 ) ) ;
#24 = EDGE_CURVE ( 'NONE', #1065, #1889, #1463, .T. ) ;
#25 = ADVANCED_BREP_SHAPE_REPRESENTATION ( '', ( #1124, #1224 ), #1489 ) ;
#26 = ORIENTED_EDGE ( 'NONE', *, *, #13, .T. ) ;
#27 = DIRECTION ( 'NONE',  ( 0.9993908373345413709, 0.0000000000000000000, 0.03489920130553398475 ) ) ;
#28 = ORIENTED_EDGE ( 'NONE', *, *, #1809, .F. ) ;
#29 = DIRECTION ( 'NONE',  ( -1.000000000000000000, 9.670064939653127303E-25, -2.686129713196388819E-20 ) ) ;
#30 = CARTESIAN_POINT ( 'NONE',  ( -1.565455253043988026, -0.2500001358177789124, -0.7974095339916881242 ) ) ;
#31 = PERSON_AND_ORGANIZATION ( #1235, #1093 ) ;
#32 = EDGE_CURVE ( 'NONE', #1065, #1630, #303, .T. ) ;
#33 = CLOSED_SHELL ( 'NONE', ( #1210, #914, #1170, #1454, #750, #185, #1581, #722, #813, #966, #625, #1344, #878, #1896, #1016, #656, #969, #1771, #1193, #1598, #202, #1905 ) ) ;
#34 = DIRECTION ( 'NONE',  ( -1.524563994040483795E-09, 0.9999999999999991118, 4.365817066227841280E-08 ) ) ;
#35 = ORIENTED_EDGE ( 'NONE', *, *, #1697, .T. ) ;
#36 = AXIS2_PLACEMENT_3D ( 'NONE', #823, #1438, #485 ) ;
#37 = DIRECTION ( 'NONE',  ( -1.858632295689436004E-15, 4.371140912027123534E-08, -0.9999999999999990008 ) ) ;
#38 = CARTESIAN_POINT ( 'NONE',  ( 1.060651532585371370, -0.2000399790099995079, -0.04989088674305398874 ) ) ;
#39 = CONICAL_SURFACE ( 'NONE', #1622, 0.8748378589393723814, 0.4334869560136143662 ) ;
#40 = LINE ( 'NONE', #542, #1390 ) ;
#41 = CC_DESIGN_SECURITY_CLASSIFICATION ( #1392, ( #2051 ) ) ;
#42 = VECTOR ( 'NONE', #1028, 1000.000000000000114 ) ;
#43 = CARTESIAN_POINT ( 'NONE',  ( 1.360012148613462202, -0.2500001408600001085, -0.7489060550177917275 ) ) ;
#44 = CARTESIAN_POINT ( 'NONE',  ( -1.349987521469999896, -0.2500001379380001332, -0.7489060701576608636 ) ) ;
#45 = EDGE_CURVE ( 'NONE', #414, #1115, #199, .T. ) ;
#46 = DIRECTION ( 'NONE',  ( -0.0000000000000000000, 0.9999999999999991118, 4.371140915892995802E-08 ) ) ;
#47 = ORIENTED_EDGE ( 'NONE', *, *, #388, .T. ) ;
#48 = CARTESIAN_POINT ( 'NONE',  ( 0.4521796224391370633, -0.8338551140968435416, -0.04991370408280797200 ) ) ;
#49 = APPROVAL ( #1333, 'UNSPECIFIED' ) ;
#50 = ORIENTED_EDGE ( 'NONE', *, *, #1014, .T. ) ;
#51 = CARTESIAN_POINT ( 'NONE',  ( -1.060671267460000955, -1.166767518409999926, -0.04992568892685000231 ) ) ;
#52 = DIRECTION ( 'NONE',  ( 2.605703544499018716E-20, 0.05237190681686697963, -0.9986276500159433356 ) ) ;
#53 = CARTESIAN_POINT ( 'NONE',  ( -1.154479684160000019, -0.2780914811599999870, -0.9423936971750001002 ) ) ;
#54 = CARTESIAN_POINT ( 'NONE',  ( 1.273365434688446873, -0.2500001291007097337, -0.9510781869407862743 ) ) ;
#55 = CARTESIAN_POINT ( 'NONE',  ( -9.867439984776450488E-06, -0.9474916038856970868, 8.220503432953589419E-05 ) ) ;
#56 = LINE ( 'NONE', #1113, #1950 ) ;
#57 = ORIENTED_EDGE ( 'NONE', *, *, #650, .F. ) ;
#58 = LINE ( 'NONE', #826, #1387 ) ;
#59 = ORIENTED_EDGE ( 'NONE', *, *, #136, .T. ) ;
#60 = EDGE_CURVE ( 'NONE', #1901, #949, #63, .T. ) ;
#61 = LINE ( 'NONE', #348, #329 ) ;
#62 = DIRECTION ( 'NONE',  ( -0.0000000000000000000, 0.9999999999999991118, 4.371140915892995802E-08 ) ) ;
#63 = LINE ( 'NONE', #518, #497 ) ;
#64 = CARTESIAN_POINT ( 'NONE',  ( 1.749665851072963685, 0.8747855297538489339, 0.2931978225605942900 ) ) ;
#65 = DIRECTION ( 'NONE',  ( -0.5629781938236163574, -3.612624477633337732E-08, 0.8264717498372811111 ) ) ;
#66 = EDGE_LOOP ( 'NONE', ( #69, #1958, #387, #1539 ) ) ;
#67 = AXIS2_PLACEMENT_3D ( 'NONE', #1741, #1441, #677 ) ;
#68 = CARTESIAN_POINT ( 'NONE',  ( 1.404536164502994566, -0.2500001408600001640, -0.6820552276349016729 ) ) ;
#69 = ORIENTED_EDGE ( 'NONE', *, *, #708, .T. ) ;
#70 = PLANE ( 'NONE',  #964 ) ;
#71 = EDGE_CURVE ( 'NONE', #162, #391, #530, .T. ) ;
#72 = VERTEX_POINT ( 'NONE', #946 ) ;
#73 = FACE_OUTER_BOUND ( 'NONE', #478, .T. ) ;
#74 = VECTOR ( 'NONE', #1723, 1000.000000000000227 ) ;
#75 = DIRECTION ( 'NONE',  ( 7.433056431394968361E-16, 0.9961915598401298588, 0.08719160569280136330 ) ) ;
#76 = PERSON_AND_ORGANIZATION ( #1235, #1093 ) ;
#77 = APPROVAL_PERSON_ORGANIZATION ( #1991, #1588, #2005 ) ;
#78 = AXIS2_PLACEMENT_3D ( 'NONE', #1468, #1313, #1644 ) ;
#79 = CARTESIAN_POINT ( 'NONE',  ( 1.137811985149999927, -1.137804231000000055, -1.649924647286000079 ) ) ;
#80 = VERTEX_POINT ( 'NONE', #1734 ) ;
#81 = VERTEX_POINT ( 'NONE', #846 ) ;
#82 = DIRECTION ( 'NONE',  ( -0.9999999999905588854, 0.0000000000000000000, -4.345351125777083684E-06 ) ) ;
#83 = FACE_OUTER_BOUND ( 'NONE', #1174, .T. ) ;
#84 = VERTEX_POINT ( 'NONE', #350 ) ;
#85 = EDGE_CURVE ( 'NONE', #397, #706, #1579, .T. ) ;
#86 = LINE ( 'NONE', #44, #1590 ) ;
#87 = DATE_AND_TIME ( #1500, #1562 ) ;
#88 = CC_DESIGN_PERSON_AND_ORGANIZATION_ASSIGNMENT ( #1531, #1217, ( #1392 ) ) ;
#89 = FACE_OUTER_BOUND ( 'NONE', #433, .T. ) ;
#90 = ORIENTED_EDGE ( 'NONE', *, *, #1697, .F. ) ;
#91 = ORIENTED_EDGE ( 'NONE', *, *, #1916, .T. ) ;
#92 = DIRECTION ( 'NONE',  ( 0.0000000000000000000, 4.371140927515726471E-08, -0.9999999999999991118 ) ) ;
#93 = CARTESIAN_POINT ( 'NONE',  ( -0.3873602218907133410, 0.7589930109299296568, 1.148184856045344260 ) ) ;
#94 = ORIENTED_EDGE ( 'NONE', *, *, #1577, .F. ) ;
#95 = CARTESIAN_POINT ( 'NONE',  ( -1.800657181470000090, 0.2499988331429999766, -0.08730716830199999889 ) ) ;
#96 = CARTESIAN_POINT ( 'NONE',  ( -1.034393369790001183, -1.137804231000000055, -1.649924647286000079 ) ) ;
#97 = COORDINATED_UNIVERSAL_TIME_OFFSET ( 5, 0, .BEHIND. ) ;
#98 = DIRECTION ( 'NONE',  ( 0.0000000000000000000, 0.9999999993520002350, 3.599999242678728019E-05 ) ) ;
#99 = EDGE_CURVE ( 'NONE', #1586, #81, #1131, .T. ) ;
#100 = VERTEX_POINT ( 'NONE', #987 ) ;
#101 = CARTESIAN_POINT ( 'NONE',  ( 1.461332738529999897, 0.2499988708990000252, -0.9510773483019999697 ) ) ;
#102 = AXIS2_PLACEMENT_3D ( 'NONE', #1485, #1830, #1366 ) ;
#103 = CARTESIAN_POINT ( 'NONE',  ( -2.899999661469999879, -0.2500001685350000113, -0.04891763015765999978 ) ) ;
#104 = VERTEX_POINT ( 'NONE', #796 ) ;
#105 = FACE_OUTER_BOUND ( 'NONE', #780, .T. ) ;
#106 = DIRECTION ( 'NONE',  ( -0.03490189945057266263, -4.368477755555685524E-08, 0.9993907431103914440 ) ) ;
#107 = AXIS2_PLACEMENT_3D ( 'NONE', #565, #1840, #1229 ) ;
#108 = DATE_AND_TIME ( #276, #1227 ) ;
#109 = AXIS2_PLACEMENT_3D ( 'NONE', #1376, #765, #1864 ) ;
#110 = CARTESIAN_POINT ( 'NONE',  ( -0.8753941257564893386, -0.3627715876845006848, -0.04989674507941353060 ) ) ;
#111 = APPROVAL_PERSON_ORGANIZATION ( #1531, #1982, #910 ) ;
#112 = ADVANCED_FACE ( 'NONE', ( #1765 ), #1416, .T. ) ;
#113 = ORIENTED_EDGE ( 'NONE', *, *, #312, .T. ) ;
#114 = DIRECTION ( 'NONE',  ( 0.9992066617410254592, -1.740815909189739130E-09, 0.03982520724812373125 ) ) ;
#115 = EDGE_CURVE ( 'NONE', #712, #1198, #684, .T. ) ;
#116 = CARTESIAN_POINT ( 'NONE',  ( -1.060671267461307021, 0.1999600207401145413, -0.04987648674561171586 ) ) ;
#117 = ORIENTED_EDGE ( 'NONE', *, *, #1740, .F. ) ;
#118 = CARTESIAN_POINT ( 'NONE',  ( -9.867439984892478755E-06, 0.9474080456264388772, 0.0001504214073892649298 ) ) ;
#119 = PERSON_AND_ORGANIZATION ( #1235, #1093 ) ;
#120 = ORIENTED_EDGE ( 'NONE', *, *, #285, .T. ) ;
#121 = CARTESIAN_POINT ( 'NONE',  ( 0.5776337812404439553, 0.7621079024967325477, -0.04985624942625912354 ) ) ;
#122 = APPLICATION_CONTEXT ( 'configuration controlled 3d designs of mechanical parts and assemblies' ) ;
#123 = VERTEX_POINT ( 'NONE', #694 ) ;
#124 = DIRECTION ( 'NONE',  ( 0.7071067811885094478, 0.7071067807263805571, 2.545583876794060043E-05 ) ) ;
#125 = CARTESIAN_POINT ( 'NONE',  ( -1.150009867440293432, 1.149990620112182338, -0.8998422862018118362 ) ) ;
#126 = EDGE_CURVE ( 'NONE', #717, #343, #1305, .T. ) ;
#127 = EDGE_LOOP ( 'NONE', ( #1484, #210, #811, #1340 ) ) ;
#128 = DIRECTION ( 'NONE',  ( -0.0000000000000000000, 0.9999999999999991118, 4.371140915892995802E-08 ) ) ;
#129 = APPROVAL_DATE_TIME ( #1059, #1458 ) ;
#130 = ORIENTED_EDGE ( 'NONE', *, *, #1785, .F. ) ;
#131 = DIRECTION ( 'NONE',  ( -2.016696441804037217E-08, 0.9999999999999996669, 1.343161003902075203E-08 ) ) ;
#132 = ORIENTED_EDGE ( 'NONE', *, *, #2037, .F. ) ;
#133 = CARTESIAN_POINT ( 'NONE',  ( -1.100009867436624988, -1.100009378430000906, -0.8999232861847045184 ) ) ;
#134 = EDGE_LOOP ( 'NONE', ( #1558, #1035, #504, #793 ) ) ;
#135 = VECTOR ( 'NONE', #1610, 1000.000000000000000 ) ;
#136 = EDGE_CURVE ( 'NONE', #1383, #1088, #295, .T. ) ;
#137 = AXIS2_PLACEMENT_3D ( 'NONE', #95, #707, #1499 ) ;
#138 = AXIS2_PLACEMENT_3D ( 'NONE', #916, #128, #1367 ) ;
#139 = ADVANCED_FACE ( 'NONE', ( #1152 ), #473, .T. ) ;
#140 = DIRECTION ( 'NONE',  ( -0.0000000000000000000, 0.9999999999999991118, 4.371140915892995802E-08 ) ) ;
#141 = DIRECTION ( 'NONE',  ( 0.0000000000000000000, 4.371140912027123534E-08, -0.9999999999999990008 ) ) ;
#142 = VECTOR ( 'NONE', #52, 1000.000000000000114 ) ;
#143 = APPROVAL_PERSON_ORGANIZATION ( #76, #1155, #1807 ) ;
#144 = ORIENTED_EDGE ( 'NONE', *, *, #1511, .F. ) ;
#145 = DIRECTION ( 'NONE',  ( 0.9961946980917510963, 3.137606078267215241E-06, -0.08715574269111821260 ) ) ;
#146 = EDGE_LOOP ( 'NONE', ( #47, #287, #1085, #1299 ) ) ;
#147 = DIRECTION ( 'NONE',  ( -0.9992066617410358953, 0.0000000000000000000, -0.03982520724786142025 ) ) ;
#148 = EDGE_CURVE ( 'NONE', #954, #1652, #373, .T. ) ;
#149 = FACE_OUTER_BOUND ( 'NONE', #1261, .T. ) ;
#150 = DIRECTION ( 'NONE',  ( 1.000000000000000000, 0.0000000000000000000, 0.0000000000000000000 ) ) ;
#151 = PLANE ( 'NONE',  #1717 ) ;
#152 = ORIENTED_EDGE ( 'NONE', *, *, #412, .F. ) ;
#153 = FACE_OUTER_BOUND ( 'NONE', #1529, .T. ) ;
#154 = ORIENTED_EDGE ( 'NONE', *, *, #1486, .F. ) ;
#155 = VERTEX_POINT ( 'NONE', #214 ) ;
#156 = FACE_OUTER_BOUND ( 'NONE', #1981, .T. ) ;
#157 = CARTESIAN_POINT ( 'NONE',  ( -1.060671267465201906, -1.060701378470000567, -0.04992187054606291724 ) ) ;
#158 = ADVANCED_FACE ( 'NONE', ( #858 ), #151, .T. ) ;
#159 = FACE_OUTER_BOUND ( 'NONE', #564, .T. ) ;
#160 = ORIENTED_EDGE ( 'NONE', *, *, #598, .T. ) ;
#161 = CARTESIAN_POINT ( 'NONE',  ( 1.088701569418945692, -1.088741807668991202, -0.3168011535527970324 ) ) ;
#162 = VERTEX_POINT ( 'NONE', #634 ) ;
#163 = CARTESIAN_POINT ( 'NONE',  ( -9.867439985543716648E-06, -0.8833326709056288362, 0.2691285674834311692 ) ) ;
#164 = APPROVAL_DATE_TIME ( #1925, #1440 ) ;
#165 = DIRECTION ( 'NONE',  ( -3.180326372624146760E-14, 4.371140927515726471E-08, -0.9999999999999991118 ) ) ;
#166 = CONICAL_SURFACE ( 'NONE', #36, 0.8748378589393723814, 0.4334869560136143662 ) ;
#167 = ORIENTED_EDGE ( 'NONE', *, *, #171, .T. ) ;
#168 = EDGE_CURVE ( 'NONE', #1266, #1860, #1251, .T. ) ;
#169 = ORIENTED_EDGE ( 'NONE', *, *, #1418, .F. ) ;
#170 = AXIS2_PLACEMENT_3D ( 'NONE', #233, #1338, #1763 ) ;
#171 = EDGE_CURVE ( 'NONE', #1375, #712, #886, .T. ) ;
#172 = DIRECTION ( 'NONE',  ( 0.0000000000000000000, 0.9999999993520002350, 3.599999242678728019E-05 ) ) ;
#173 = CARTESIAN_POINT ( 'NONE',  ( 1.137811985149999927, -1.034365880830000028, -1.649920923506174697 ) ) ;
#174 = CARTESIAN_POINT ( 'NONE',  ( -0.4700907976281382128, -0.8330108941888665353, -0.04991367369089769884 ) ) ;
#175 = ORIENTED_EDGE ( 'NONE', *, *, #2025, .T. ) ;
#176 = ORIENTED_EDGE ( 'NONE', *, *, #612, .F. ) ;
#177 = EDGE_CURVE ( 'NONE', #1198, #2018, #1038, .T. ) ;
#178 = CARTESIAN_POINT ( 'NONE',  ( 0.6987702269400205557, -6.602257595566921077E-05, 0.6735454077349979363 ) ) ;
#179 = CARTESIAN_POINT ( 'NONE',  ( 1.060651532588581247, -0.7393785786297383256, -0.04991030292873347568 ) ) ;
#180 = CARTESIAN_POINT ( 'NONE',  ( -1.991688369642999890, 0.2499988483729999600, -0.4357379211699999866 ) ) ;
#181 = ORIENTED_EDGE ( 'NONE', *, *, #481, .T. ) ;
#182 = ORIENTED_EDGE ( 'NONE', *, *, #1014, .F. ) ;
#183 = FACE_OUTER_BOUND ( 'NONE', #449, .T. ) ;
#184 = DIRECTION ( 'NONE',  ( 0.0000000000000000000, 4.371140912027123534E-08, -0.9999999999999990008 ) ) ;
#185 = ADVANCED_FACE ( 'NONE', ( #73 ), #1199, .T. ) ;
#186 = CARTESIAN_POINT ( 'NONE',  ( 1.154454175829999985, 0.2780733789800000078, -0.9423462098670000175 ) ) ;
#187 = DATE_AND_TIME ( #406, #445 ) ;
#188 = CIRCLE ( 'NONE', #102, 0.3500000000000000333 ) ;
#189 = EDGE_CURVE ( 'NONE', #1478, #1179, #188, .T. ) ;
#190 = CARTESIAN_POINT ( 'NONE',  ( 1.149987383298523458, 0.2743536952510406413, -0.8998476516230641264 ) ) ;
#191 = EDGE_LOOP ( 'NONE', ( #1042, #1349, #1459, #1391 ) ) ;
#192 = VECTOR ( 'NONE', #1505, 1000.000000000000000 ) ;
#193 = CARTESIAN_POINT ( 'NONE',  ( 1.565143936495001942, 0.2499988640501283055, -0.7943780929820001280 ) ) ;
#194 = CARTESIAN_POINT ( 'NONE',  ( -1.700825882865685479, 0.2499988395490004012, -0.2338630188671248777 ) ) ;
#195 = CONICAL_SURFACE ( 'NONE', #1287, 0.8975183476690486994, 0.05235987751191580053 ) ;
#196 = CARTESIAN_POINT ( 'NONE',  ( 1.264990270029999975, 1.149990620110000750, -0.8998422862022882329 ) ) ;
#197 = CC_DESIGN_APPROVAL ( #1943, ( #1290 ) ) ;
#198 = CIRCLE ( 'NONE', #1627, 0.8975183486408415678 ) ;
#199 = LINE ( 'NONE', #43, #1883 ) ;
#200 = VECTOR ( 'NONE', #106, 999.9999999999998863 ) ;
#201 = FACE_OUTER_BOUND ( 'NONE', #379, .T. ) ;
#202 = ADVANCED_FACE ( 'NONE', ( #1516 ), #880, .T. ) ;
#203 = CALENDAR_DATE ( 2025, 18, 9 ) ;
#204 = DIRECTION ( 'NONE',  ( -0.9991912389948653939, 0.0000000000000000000, 0.04021029614297459004 ) ) ;
#205 = EDGE_CURVE ( 'NONE', #789, #81, #1655, .T. ) ;
#206 = CARTESIAN_POINT ( 'NONE',  ( -1.867507355769003174, 0.2499988708999999754, -0.3516006773756763515 ) ) ;
#207 = CC_DESIGN_PERSON_AND_ORGANIZATION_ASSIGNMENT ( #772, #1395, ( #1626 ) ) ;
#208 = ORIENTED_EDGE ( 'NONE', *, *, #901, .F. ) ;
#209 = CARTESIAN_POINT ( 'NONE',  ( -1.800657191639123633, -0.2500001604510001529, -0.08730717522903025385 ) ) ;
#210 = ORIENTED_EDGE ( 'NONE', *, *, #1039, .F. ) ;
#211 = CARTESIAN_POINT ( 'NONE',  ( 1.360012138530000136, 0.2499988620620000046, -0.7489060483020000270 ) ) ;
#212 = CARTESIAN_POINT ( 'NONE',  ( -2.906979581469999907, 0.2499988402009999944, -0.2487825883020000073 ) ) ;
#213 = ORIENTED_EDGE ( 'NONE', *, *, #351, .F. ) ;
#214 = CARTESIAN_POINT ( 'NONE',  ( -0.6987899618049860928, -6.602257595672874734E-05, 0.6735454077349932733 ) ) ;
#215 = DIRECTION ( 'NONE',  ( 1.000000000000000000, -9.670064939653127303E-25, 2.686129713196388819E-20 ) ) ;
#216 = DATE_AND_TIME ( #203, #1029 ) ;
#217 = PLANE ( 'NONE',  #777 ) ;
#218 = CARTESIAN_POINT ( 'NONE',  ( 1.980176490704991465, 0.2499988328683264149, -0.08102563106691332284 ) ) ;
#219 = ORIENTED_EDGE ( 'NONE', *, *, #501, .T. ) ;
#220 = EDGE_CURVE ( 'NONE', #603, #1052, #1350, .T. ) ;
#221 = CARTESIAN_POINT ( 'NONE',  ( 1.135168033170000257, -0.2000399790086391516, -0.04989088674280920538 ) ) ;
#222 = VERTEX_POINT ( 'NONE', #235 ) ;
#223 = DIRECTION ( 'NONE',  ( -1.000000000000000000, 7.461473004834999472E-16, 1.755215514116750987E-29 ) ) ;
#224 = LINE ( 'NONE', #196, #1686 ) ;
#225 = DIRECTION ( 'NONE',  ( -0.0000000000000000000, 0.9999999999999991118, 4.371140915892995802E-08 ) ) ;
#226 = CARTESIAN_POINT ( 'NONE',  ( 1.034373634920555673, 1.034401122540217877, -1.649846447909235403 ) ) ;
#227 = CALENDAR_DATE ( 2025, 18, 9 ) ;
#228 = VECTOR ( 'NONE', #1355, 1000.000000000000114 ) ;
#229 = EDGE_LOOP ( 'NONE', ( #175, #1498, #1056, #752 ) ) ;
#230 = AXIS2_PLACEMENT_3D ( 'NONE', #731, #254, #1032 ) ;
#231 = ADVANCED_FACE ( 'NONE', ( #105 ), #1967, .T. ) ;
#232 = ORIENTED_EDGE ( 'NONE', *, *, #2039, .T. ) ;
#233 = CARTESIAN_POINT ( 'NONE',  ( 2.900001438529999920, 0.2499988314640000098, -0.04890490830199999833 ) ) ;
#234 = CARTESIAN_POINT ( 'NONE',  ( 0.7031190809479520576, -6.567817837710784737E-05, 0.6639788335552935239 ) ) ;
#235 = CARTESIAN_POINT ( 'NONE',  ( 1.060651532586914580, 0.1999600207400006602, -0.04987648674608351207 ) ) ;
#236 = EDGE_CURVE ( 'NONE', #1656, #929, #1284, .T. ) ;
#237 = CC_DESIGN_APPROVAL ( #1588, ( #269 ) ) ;
#238 = DIRECTION ( 'NONE',  ( 7.461473000000002945E-16, 0.9999999993520003461, 3.599999242698001067E-05 ) ) ;
#239 = APPROVAL_DATE_TIME ( #832, #2015 ) ;
#240 = AXIS2_PLACEMENT_3D ( 'NONE', #1537, #2019, #1223 ) ;
#241 = FACE_OUTER_BOUND ( 'NONE', #799, .T. ) ;
#242 = ORIENTED_EDGE ( 'NONE', *, *, #1980, .T. ) ;
#243 = CARTESIAN_POINT ( 'NONE',  ( -9.867439984611975324E-06, 0.7840363804098993139, 0.2511907768021800491 ) ) ;
#244 = CARTESIAN_POINT ( 'NONE',  ( -0.3873602218907135630, 0.4122745276457283614, 1.371415100031056600 ) ) ;
#245 = ORIENTED_EDGE ( 'NONE', *, *, #1178, .T. ) ;
#246 = EDGE_CURVE ( 'NONE', #291, #84, #718, .T. ) ;
#247 = DIRECTION ( 'NONE',  ( 0.0000000000000000000, -0.9999999993520002350, -3.599999242732000970E-05 ) ) ;
#248 = APPROVAL_STATUS ( 'not_yet_approved' ) ;
#249 = CARTESIAN_POINT ( 'NONE',  ( -9.867439985001076849E-06, 0.9474098456315449557, -0.04984957855639628871 ) ) ;
#250 = LINE ( 'NONE', #892, #228 ) ;
#251 = DIRECTION ( 'NONE',  ( 0.03982520724786138555, 4.367673122569152999E-08, -0.9992066617410350071 ) ) ;
#252 = DIRECTION ( 'NONE',  ( 0.0000000000000000000, 4.371140912027123534E-08, -0.9999999999999990008 ) ) ;
#253 = ORIENTED_EDGE ( 'NONE', *, *, #866, .T. ) ;
#254 = DIRECTION ( 'NONE',  ( -0.0000000000000000000, 0.9999999999999991118, 4.371140915892995802E-08 ) ) ;
#255 = CARTESIAN_POINT ( 'NONE',  ( -2.906979581177291383, 0.2499988402013799127, -0.2487825883137886607 ) ) ;
#256 = DATE_TIME_ROLE ( 'classification_date' ) ;
#257 = EDGE_CURVE ( 'NONE', #2018, #526, #1954, .T. ) ;
#258 = CARTESIAN_POINT ( 'NONE',  ( -9.867439985105160258E-06, -4.168493001090673507E-05, -0.002500484587096000588 ) ) ;
#259 = CARTESIAN_POINT ( 'NONE',  ( -0.8685071000018852461, -0.3790418665064159143, -0.04989733080932828857 ) ) ;
#260 = CC_DESIGN_PERSON_AND_ORGANIZATION_ASSIGNMENT ( #1602, #1746, ( #1972 ) ) ;
#261 = ORIENTED_EDGE ( 'NONE', *, *, #1727, .T. ) ;
#262 = CARTESIAN_POINT ( 'NONE',  ( 1.976701067615002083, 0.2499988418215573216, -0.2858479090989999860 ) ) ;
#263 = CARTESIAN_POINT ( 'NONE',  ( -0.7031388158279273659, 0.2856662374314344888, 0.4800140081675339787 ) ) ;
#264 = EDGE_LOOP ( 'NONE', ( #1515, #1810, #1146, #1164 ) ) ;
#265 = CARTESIAN_POINT ( 'NONE',  ( -0.3647637540763998820, -0.6235364220212507025, 0.6735229627350589610 ) ) ;
#266 = AXIS2_PLACEMENT_3D ( 'NONE', #1753, #2, #1904 ) ;
#267 = VECTOR ( 'NONE', #2011, 1000.000000000000000 ) ;
#268 = CARTESIAN_POINT ( 'NONE',  ( 1.099990132561644351, -1.100009378429037010, -0.8999232861851842458 ) ) ;
#269 = PRODUCT_DEFINITION_FORMATION_WITH_SPECIFIED_SOURCE ( 'ANY', '', #1645, .NOT_KNOWN. ) ;
#270 = VECTOR ( 'NONE', #532, 1000.000000000000114 ) ;
#271 = EDGE_LOOP ( 'NONE', ( #130, #1724, #1879, #778, #1544, #326 ) ) ;
#272 = DIRECTION ( 'NONE',  ( 0.0000000000000000000, 4.371140927515726471E-08, -0.9999999999999991118 ) ) ;
#273 = ORIENTED_EDGE ( 'NONE', *, *, #1524, .F. ) ;
#274 = CARTESIAN_POINT ( 'NONE',  ( -1.565455253044035322, 0.2499988641823178981, -0.7974095121359625615 ) ) ;
#275 = UNCERTAINTY_MEASURE_WITH_UNIT (LENGTH_MEASURE( 1.000000000000000082E-05 ), #495, 'distance_accuracy_value', 'NONE');
#276 = CALENDAR_DATE ( 2025, 18, 9 ) ;
#277 = ORIENTED_EDGE ( 'NONE', *, *, #443, .F. ) ;
#278 = CARTESIAN_POINT ( 'NONE',  ( 0.06005573990151850255, 0.9474434748387441374, -0.04984957734705398186 ) ) ;
#279 = VERTEX_POINT ( 'NONE', #743 ) ;
#280 = CARTESIAN_POINT ( 'NONE',  ( -0.2370890177656273801, 0.9251681760807012322, -0.04985037925764109618 ) ) ;
#281 = ORIENTED_EDGE ( 'NONE', *, *, #1928, .F. ) ;
#282 = EDGE_CURVE ( 'NONE', #464, #1471, #1317, .T. ) ;
#283 = DIRECTION ( 'NONE',  ( 0.0000000000000000000, 0.9999999993520002350, 3.599999242678728019E-05 ) ) ;
#284 = ORIENTED_EDGE ( 'NONE', *, *, #931, .F. ) ;
#285 = EDGE_CURVE ( 'NONE', #1088, #1478, #1815, .T. ) ;
#286 = CARTESIAN_POINT ( 'NONE',  ( -1.867507360843261965, 0.2499988446953517185, -0.3516006698860835167 ) ) ;
#287 = ORIENTED_EDGE ( 'NONE', *, *, #1740, .T. ) ;
#288 =( NAMED_UNIT ( * ) PLANE_ANGLE_UNIT ( ) SI_UNIT ( $, .RADIAN. ) );
#289 = ORIENTED_EDGE ( 'NONE', *, *, #1128, .F. ) ;
#290 = CARTESIAN_POINT ( 'NONE',  ( -0.7621577495583926609, 0.5776036691752479690, -0.04986289157726581101 ) ) ;
#291 = VERTEX_POINT ( 'NONE', #403 ) ;
#292 = EDGE_CURVE ( 'NONE', #1742, #100, #1255, .T. ) ;
#293 = CARTESIAN_POINT ( 'NONE',  ( 0.6987702268660865856, 0.1828741781971367775, 0.6735519935105792610 ) ) ;
#294 = ORIENTED_EDGE ( 'NONE', *, *, #453, .F. ) ;
#295 = CIRCLE ( 'NONE', #1443, 0.3500000000000000333 ) ;
#296 = AXIS2_PLACEMENT_3D ( 'NONE', #1888, #618, #646 ) ;
#297 = DIRECTION ( 'NONE',  ( 0.9993908373345413709, 0.0000000000000000000, 0.03489920130553398475 ) ) ;
#298 = PRODUCT_RELATED_PRODUCT_CATEGORY ( 'detail', '', ( #423 ) ) ;
#299 = ORIENTED_EDGE ( 'NONE', *, *, #1507, .F. ) ;
#300 = VECTOR ( 'NONE', #147, 1000.000000000000114 ) ;
#301 = FACE_OUTER_BOUND ( 'NONE', #1573, .T. ) ;
#302 = APPROVAL_ROLE ( '' ) ;
#303 = LINE ( 'NONE', #1141, #1385 ) ;
#304 = AXIS2_PLACEMENT_3D ( 'NONE', #23, #655, #1276 ) ;
#305 = CC_DESIGN_APPROVAL ( #1982, ( #1392 ) ) ;
#306 = CARTESIAN_POINT ( 'NONE',  ( -2.906979581469999907, 0.2499988402013799127, -0.2487825883020000073 ) ) ;
#307 = CIRCLE ( 'NONE', #1563, 0.04999999999487684393 ) ;
#308 = EDGE_LOOP ( 'NONE', ( #364, #896, #1814, #791 ) ) ;
#309 = AXIS2_PLACEMENT_3D ( 'NONE', #1132, #511, #374 ) ;
#310 = LINE ( 'NONE', #340, #300 ) ;
#311 = VERTEX_POINT ( 'NONE', #700 ) ;
#312 = EDGE_CURVE ( 'NONE', #104, #21, #1762, .T. ) ;
#313 = CARTESIAN_POINT ( 'NONE',  ( 0.9474399579400002436, 0.1206181423728359819, -0.04987934305278077241 ) ) ;
#314 = PERSON_AND_ORGANIZATION_ROLE ( 'design_owner' ) ;
#315 = DIRECTION ( 'NONE',  ( 0.5543277669830626309, 0.0000000000000000000, 0.8322984601400938987 ) ) ;
#316 = CARTESIAN_POINT ( 'NONE',  ( -0.8916781721580033793, 0.3205981256281880687, -0.04987214377489326833 ) ) ;
#317 = DIRECTION ( 'NONE',  ( -0.08715574269154720277, 0.0000000000000000000, -0.9961946980966545073 ) ) ;
#318 = VERTEX_POINT ( 'NONE', #670 ) ;
#319 = FACE_OUTER_BOUND ( 'NONE', #1752, .T. ) ;
#320 = VERTEX_POINT ( 'NONE', #221 ) ;
#321 = CARTESIAN_POINT ( 'NONE',  ( -9.867439985544050379E-06, -0.8840011558318965346, 0.2563643230563383835 ) ) ;
#322 = EDGE_CURVE ( 'NONE', #1417, #1383, #344, .T. ) ;
#323 = CALENDAR_DATE ( 2025, 18, 9 ) ;
#324 = CARTESIAN_POINT ( 'NONE',  ( -0.9474596928081566727, -3.997913000831031499E-05, -0.04988368674371707751 ) ) ;
#325 = CC_DESIGN_DATE_AND_TIME_ASSIGNMENT ( #686, #1624, ( #668 ) ) ;
#326 = ORIENTED_EDGE ( 'NONE', *, *, #60, .F. ) ;
#327 = CARTESIAN_POINT ( 'NONE',  ( 1.060651532590000112, 1.060621420202583876, -0.04984550294160834671 ) ) ;
#328 = DIRECTION ( 'NONE',  ( 2.686129714937000970E-20, 3.599999242732001648E-05, -0.9999999993520003461 ) ) ;
#329 = VECTOR ( 'NONE', #82, 1000.000000000000114 ) ;
#330 = CARTESIAN_POINT ( 'NONE',  ( 0.9252659373069268556, 0.2368685650629146766, -0.04987515803844153051 ) ) ;
#331 = APPROVAL_DATE_TIME ( #1415, #1943 ) ;
#332 = DIRECTION ( 'NONE',  ( -0.5609150584880991941, 0.0000000000000000000, 0.8278733581661462670 ) ) ;
#333 = ORIENTED_EDGE ( 'NONE', *, *, #1137, .F. ) ;
#334 = EDGE_CURVE ( 'NONE', #279, #2007, #1326, .T. ) ;
#335 = LOCAL_TIME ( 2, 48, 26.00000000000000000, #1307 ) ;
#336 = CC_DESIGN_DATE_AND_TIME_ASSIGNMENT ( #1519, #1374, ( #1392 ) ) ;
#337 = DIRECTION ( 'NONE',  ( -4.762238019982850051E-19, 3.599999242678743604E-05, -0.9999999993520003461 ) ) ;
#338 = APPROVAL_PERSON_ORGANIZATION ( #1425, #49, #375 ) ;
#339 = CIRCLE ( 'NONE', #407, 0.8839501502407101086 ) ;
#340 = CARTESIAN_POINT ( 'NONE',  ( 2.906981359399715803, -0.2500001598000003433, -0.2487699101229967902 ) ) ;
#341 = DIRECTION ( 'NONE',  ( 0.0000000000000000000, 4.371140915892995802E-08, -0.9999999999999991118 ) ) ;
#342 = CALENDAR_DATE ( 2025, 18, 9 ) ;
#343 = VERTEX_POINT ( 'NONE', #1962 ) ;
#344 = LINE ( 'NONE', #1751, #2021 ) ;
#345 =( NAMED_UNIT ( * ) SI_UNIT ( $, .STERADIAN. ) SOLID_ANGLE_UNIT ( ) );
#346 = ADVANCED_FACE ( 'NONE', ( #975 ), #1117, .T. ) ;
#347 = ORIENTED_EDGE ( 'NONE', *, *, #292, .F. ) ;
#348 = CARTESIAN_POINT ( 'NONE',  ( 1.461332738530094710, -0.2500001291010001681, -0.9510773701576608063 ) ) ;
#349 = PLANE ( 'NONE',  #11 ) ;
#350 = CARTESIAN_POINT ( 'NONE',  ( 1.149983893720001316, 0.2742684918711486564, -0.8988741761751476433 ) ) ;
#351 = EDGE_CURVE ( 'NONE', #929, #1586, #1615, .T. ) ;
#352 = CARTESIAN_POINT ( 'NONE',  ( 1.701086745071285655, 0.2499988396770172483, -0.2367977132599974610 ) ) ;
#353 = COORDINATED_UNIVERSAL_TIME_OFFSET ( 5, 0, .BEHIND. ) ;
#354 = LINE ( 'NONE', #378, #1718 ) ;
#355 = ORIENTED_EDGE ( 'NONE', *, *, #1104, .T. ) ;
#356 = DIRECTION ( 'NONE',  ( -7.461473004834999472E-16, -1.000000000000000000, 0.0000000000000000000 ) ) ;
#357 = LINE ( 'NONE', #985, #577 ) ;
#358 = CARTESIAN_POINT ( 'NONE',  ( -1.394641270461499216, 0.2499988591962854778, -0.6833527773756790102 ) ) ;
#359 = LINE ( 'NONE', #531, #991 ) ;
#360 = SECURITY_CLASSIFICATION_LEVEL ( 'unclassified' ) ;
#361 = AXIS2_PLACEMENT_3D ( 'NONE', #1784, #463, #1083 ) ;
#362 = CARTESIAN_POINT ( 'NONE',  ( 1.982674848703000148, 0.2499988483729999600, -0.4357289083600000001 ) ) ;
#363 = CARTESIAN_POINT ( 'NONE',  ( 1.900013598529999959, 0.2499988419549999952, -0.2889044283020000270 ) ) ;
#364 = ORIENTED_EDGE ( 'NONE', *, *, #1761, .T. ) ;
#365 = CIRCLE ( 'NONE', #138, 0.1500000000000001055 ) ;
#366 = CARTESIAN_POINT ( 'NONE',  ( 0.3627004156028442727, -0.8754326929994996620, -0.04991520087533460326 ) ) ;
#367 = ORIENTED_EDGE ( 'NONE', *, *, #1407, .F. ) ;
#368 = APPLICATION_CONTEXT ( 'configuration controlled 3d designs of mechanical parts and assemblies' ) ;
#369 = DIRECTION ( 'NONE',  ( -1.000000000000000000, 9.670064939653127303E-25, -2.686129713196388819E-20 ) ) ;
#370 = AXIS2_PLACEMENT_3D ( 'NONE', #1234, #1554, #150 ) ;
#371 = CARTESIAN_POINT ( 'NONE',  ( -1.150754456959999894, 0.3017940510600000126, -0.9423728212999999965 ) ) ;
#372 = APPROVAL_PERSON_ORGANIZATION ( #1112, #1880, #785 ) ;
#373 = LINE ( 'NONE', #1635, #567 ) ;
#374 = DIRECTION ( 'NONE',  ( -7.461499997473333797E-16, -0.9999999993520002350, -3.599999242719782689E-05 ) ) ;
#375 = APPROVAL_ROLE ( '' ) ;
#376 = EDGE_CURVE ( 'NONE', #642, #717, #58, .T. ) ;
#377 = DIRECTION ( 'NONE',  ( 0.0000000000000000000, -0.9999999993520002350, -3.599999242732000970E-05 ) ) ;
#378 = CARTESIAN_POINT ( 'NONE',  ( -2.906979580707660382, -0.2500001597989999769, -0.2487825883286232942 ) ) ;
#379 = EDGE_LOOP ( 'NONE', ( #631, #755, #1535, #1829 ) ) ;
#380 = CARTESIAN_POINT ( 'NONE',  ( -1.060671267461301470, -1.060701378469900202, -0.04992187054648514200 ) ) ;
#381 = ORIENTED_EDGE ( 'NONE', *, *, #598, .F. ) ;
#382 = DIRECTION ( 'NONE',  ( -0.8322984601400936766, -2.423044783075272532E-08, 0.5543277669830624088 ) ) ;
#383 = CARTESIAN_POINT ( 'NONE',  ( 0.6234605324079125488, -0.3648199089770254311, 0.6735322765275763013 ) ) ;
#384 = DIRECTION ( 'NONE',  ( -7.433056431394968361E-16, -0.9961915598401298588, -0.08719160569280136330 ) ) ;
#385 = CARTESIAN_POINT ( 'NONE',  ( 1.749665851072963019, -0.8748901876253096788, 0.2931348342479774272 ) ) ;
#386 = EDGE_CURVE ( 'NONE', #1808, #1365, #697, .T. ) ;
#387 = ORIENTED_EDGE ( 'NONE', *, *, #45, .T. ) ;
#388 = EDGE_CURVE ( 'NONE', #1179, #1997, #689, .T. ) ;
#389 = CARTESIAN_POINT ( 'NONE',  ( 1.149987383300000054, 0.3017900387799999917, -0.9008466639150001232 ) ) ;
#390 = CARTESIAN_POINT ( 'NONE',  ( -0.8839600176757963501, -5.100520784797290646E-05, 0.2563961453461149342 ) ) ;
#391 = VERTEX_POINT ( 'NONE', #660 ) ;
#392 = DIRECTION ( 'NONE',  ( 0.06367248140251452471, -0.7930408019331077751, -0.6058317436230457043 ) ) ;
#393 = DIRECTION ( 'NONE',  ( 0.08682659387146038354, 0.08686232137077504190, -0.9924293827385205491 ) ) ;
#394 = APPLICATION_PROTOCOL_DEFINITION ( 'international standard', 'config_control_design', 1994, #368 ) ;
#395 = APPLICATION_CONTEXT ( 'configuration controlled 3d designs of mechanical parts and assemblies' ) ;
#396 = AXIS2_PLACEMENT_3D ( 'NONE', #53, #937, #980 ) ;
#397 = VERTEX_POINT ( 'NONE', #380 ) ;
#398 = CIRCLE ( 'NONE', #1483, 0.1499999999999999944 ) ;
#399 = ORIENTED_EDGE ( 'NONE', *, *, #24, .T. ) ;
#400 = DIRECTION ( 'NONE',  ( 4.345351125777079449E-06, 4.371140915850068437E-08, -0.9999999999905579973 ) ) ;
#401 = CARTESIAN_POINT ( 'NONE',  ( -0.7031388158279274769, -6.567817837608040318E-05, 0.6639788335552818666 ) ) ;
#402 = ORIENTED_EDGE ( 'NONE', *, *, #1279, .T. ) ;
#403 = CARTESIAN_POINT ( 'NONE',  ( 1.135168033170000257, 0.1999600207394375828, -0.04987648674580816982 ) ) ;
#404 = PRODUCT_DEFINITION_FORMATION_WITH_SPECIFIED_SOURCE ( 'ANY', '', #423, .NOT_KNOWN. ) ;
#405 = LINE ( 'NONE', #1517, #470 ) ;
#406 = CALENDAR_DATE ( 2025, 18, 9 ) ;
#407 = AXIS2_PLACEMENT_3D ( 'NONE', #516, #1139, #1940 ) ;
#408 = LINE ( 'NONE', #452, #583 ) ;
#409 = CARTESIAN_POINT ( 'NONE',  ( -1.990090995309000022, 0.2499988481619996039, -0.4309053867050000597 ) ) ;
#410 = ORIENTED_EDGE ( 'NONE', *, *, #205, .F. ) ;
#411 = DIRECTION ( 'NONE',  ( -0.9992066617410358953, 0.0000000000000000000, -0.03982520724786142025 ) ) ;
#412 = EDGE_CURVE ( 'NONE', #2042, #756, #1755, .T. ) ;
#413 = CARTESIAN_POINT ( 'NONE',  ( -1.275699577686000064, 0.2499988556010000196, -0.6010892416649999959 ) ) ;
#414 = VERTEX_POINT ( 'NONE', #68 ) ;
#415 = CARTESIAN_POINT ( 'NONE',  ( -1.270670507985999897, 0.2499988555057144624, -0.5989060483020000047 ) ) ;
#416 = DIRECTION ( 'NONE',  ( -1.000000000000000000, 7.380003299539478792E-16, -7.754009890665682366E-17 ) ) ;
#417 = APPROVAL_DATE_TIME ( #1667, #1956 ) ;
#418 = CC_DESIGN_DATE_AND_TIME_ASSIGNMENT ( #1907, #472, ( #1811 ) ) ;
#419 = CARTESIAN_POINT ( 'NONE',  ( -0.8550463491531850035, -0.4085956440822376412, -0.04989839474509789874 ) ) ;
#420 = ORIENTED_EDGE ( 'NONE', *, *, #1477, .T. ) ;
#421 = FACE_OUTER_BOUND ( 'NONE', #1102, .T. ) ;
#422 = B_SPLINE_CURVE_WITH_KNOTS ( 'NONE', 3,
 ( #1892, #1743, #20, #448, #293, #1101 ),
 .UNSPECIFIED., .F., .F.,
 ( 4, 2, 4 ),
 ( 0.0000000000000000000, 0.5000000000000000000, 1.000000000000000000 ),
 .UNSPECIFIED. ) ;
#423 = PRODUCT ( 'Fillet001', 'Fillet001', '', ( #952 ) ) ;
#424 = CARTESIAN_POINT ( 'NONE',  ( -0.3873602218907132300, 0.9296580218192800338, 0.7727931905292392267 ) ) ;
#425 = ORIENTED_EDGE ( 'NONE', *, *, #466, .F. ) ;
#426 = PERSON ( 'NAUO-PER1', 'UNSPECIFIED', 'UNSPECIFIED', ('UNSPECIFIED'), ('UNSPECIFIED'), ('UNSPECIFIED') ) ;
#427 = CARTESIAN_POINT ( 'NONE',  ( -0.1829500683351908130, -0.6988461164313833907, 0.6735202515866286488 ) ) ;
#428 = DATE_AND_TIME ( #1209, #1325 ) ;
#429 = CARTESIAN_POINT ( 'NONE',  ( 1.279691390440000021, -0.2500001444945674223, -0.5989060701576608414 ) ) ;
#430 = CARTESIAN_POINT ( 'NONE',  ( -0.9474596928081566727, -3.997913000831031499E-05, -0.04988368674371707751 ) ) ;
#431 =( LENGTH_UNIT ( ) NAMED_UNIT ( * ) SI_UNIT ( .MILLI., .METRE. ) );
#432 =( BOUNDED_SURFACE ( )  B_SPLINE_SURFACE ( 3, 3, ( 
 ( #1567, #1105, #1738, #321 ),
 ( #951, #1584, #1906, #163 ),
 ( #1271, #1745, #1010, #1636 ),
 ( #1487, #64, #385, #870 ) ),
 .UNSPECIFIED., .F., .F., .F. ) 
 B_SPLINE_SURFACE_WITH_KNOTS ( ( 4, 4 ),
 ( 4, 4 ),
 ( 0.0000000000000000000, 1.000000000000000000 ),
 ( 0.0000000000000000000, 1.000000000000000000 ),
 .UNSPECIFIED. ) 
 GEOMETRIC_REPRESENTATION_ITEM ( )  RATIONAL_B_SPLINE_SURFACE ( (
 ( 1.000000000000000000, 0.3333333333333332038, 0.3333333333333332038, 1.000000000000000000),
 ( 0.9879317663443587527, 0.3293105887814528066, 0.3293105887814528066, 0.9879317663443587527),
 ( 0.9879317663443587527, 0.3293105887814528066, 0.3293105887814528066, 0.9879317663443587527),
 ( 1.000000000000000000, 0.3333333333333332038, 0.3333333333333332038, 1.000000000000000000) ) ) 
 REPRESENTATION_ITEM ( '' )  SURFACE ( )  );
#433 = EDGE_LOOP ( 'NONE', ( #181, #245, #1080, #451 ) ) ;
#434 = LINE ( 'NONE', #1036, #1126 ) ;
#435 = CARTESIAN_POINT ( 'NONE',  ( 0.7031190809479520576, -6.567817837721881546E-05, 0.6639788335552935239 ) ) ;
#436 = AXIS2_PLACEMENT_3D ( 'NONE', #180, #963, #817 ) ;
#437 = ORIENTED_EDGE ( 'NONE', *, *, #1206, .T. ) ;
#438 = CARTESIAN_POINT ( 'NONE',  ( -1.270670507985999897, 0.2499988620617113744, -0.7489060483019999159 ) ) ;
#439 = TOROIDAL_SURFACE ( 'NONE', #930, 0.9474498253700150974, 0.04999999999487685781 ) ;
#440 = ITEM_DEFINED_TRANSFORMATION ( 'NONE', 'NONE', #370,  #1224 ) ;
#441 = CONICAL_SURFACE ( 'NONE', #304, 0.8975183476702675023, 0.05235987749810034481 ) ;
#442 = LINE ( 'NONE', #1508, #1790 ) ;
#443 = EDGE_CURVE ( 'NONE', #638, #2007, #398, .T. ) ;
#444 = CARTESIAN_POINT ( 'NONE',  ( 0.0000000000000000000, 0.0000000000000000000, 0.0000000000000000000 ) ) ;
#445 = LOCAL_TIME ( 2, 48, 26.00000000000000000, #1818 ) ;
#446 = AXIS2_PLACEMENT_3D ( 'NONE', #389, #223, #356 ) ;
#447 = VERTEX_POINT ( 'NONE', #1875 ) ;
#448 = CARTESIAN_POINT ( 'NONE',  ( 0.6234605324071138543, 0.3646878638211816792, 0.6735585388018888731 ) ) ;
#449 = EDGE_LOOP ( 'NONE', ( #623, #1411, #284, #1589, #91 ) ) ;
#450 = APPROVAL_STATUS ( 'not_yet_approved' ) ;
#451 = ORIENTED_EDGE ( 'NONE', *, *, #282, .T. ) ;
#452 = CARTESIAN_POINT ( 'NONE',  ( -1.060671267465201684, -0.2000399790100000630, -0.04989088674218281061 ) ) ;
#453 = EDGE_CURVE ( 'NONE', #80, #1171, #922, .T. ) ;
#454 = CARTESIAN_POINT ( 'NONE',  ( -0.9391444350730568935, 0.1488176340450498847, -0.04987832787129342638 ) ) ;
#455 = ORIENTED_EDGE ( 'NONE', *, *, #1396, .F. ) ;
#456 = B_SPLINE_CURVE_WITH_KNOTS ( 'NONE', 3,
 ( #19, #1793, #1596, #1004, #1273, #1908, #1292, #174, #1509, #586, #1203, #1843, #419, #259, #110, #1370, #593, #430 ),
 .UNSPECIFIED., .F., .F.,
 ( 4, 1, 1, 2, 2, 2, 1, 1, 2, 2, 4 ),
 ( 0.5000000000000000000, 0.5625000000000000000, 0.5937500000000001110, 0.6093750000000001110, 0.6250000000000001110, 0.7500000000000000000, 0.8125000000000000000, 0.8437500000000000000, 0.8593750000000000000, 0.8750000000000000000, 1.000000000000000000 ),
 .UNSPECIFIED. ) ;
#457 = CC_DESIGN_PERSON_AND_ORGANIZATION_ASSIGNMENT ( #1841, #2014, ( #269 ) ) ;
#458 = ORIENTED_EDGE ( 'NONE', *, *, #388, .F. ) ;
#459 = APPROVAL_DATE_TIME ( #611, #1588 ) ;
#460 = ORIENTED_EDGE ( 'NONE', *, *, #1314, .T. ) ;
#461 = CARTESIAN_POINT ( 'NONE',  ( 0.7393287325396817877, -1.060701378469581790, -0.04992187054707143690 ) ) ;
#462 = APPROVAL_STATUS ( 'not_yet_approved' ) ;
#463 = DIRECTION ( 'NONE',  ( 0.9945218953682619656, -3.763023886819992106E-06, 0.1045284632000275521 ) ) ;
#464 = VERTEX_POINT ( 'NONE', #8 ) ;
#465 = CARTESIAN_POINT ( 'NONE',  ( -1.034393369790548523, 1.034401122540218543, -1.649846447909234737 ) ) ;
#466 = EDGE_CURVE ( 'NONE', #311, #1118, #498, .T. ) ;
#467 = ORIENTED_EDGE ( 'NONE', *, *, #1142, .T. ) ;
#468 = CARTESIAN_POINT ( 'NONE',  ( -1.749685585952932998, 0.8747855297538496000, 0.2931978225605942900 ) ) ;
#469 = VERTEX_POINT ( 'NONE', #635 ) ;
#470 = VECTOR ( 'NONE', #1382, 1000.000000000000114 ) ;
#471 = CARTESIAN_POINT ( 'NONE',  ( -1.349987521469999896, 0.2499988620620000046, -0.7489060483020000270 ) ) ;
#472 = DATE_TIME_ROLE ( 'creation_date' ) ;
#473 = PLANE ( 'NONE',  #361 ) ;
#474 = AXIS2_PLACEMENT_3D ( 'NONE', #1304, #1941, #1482 ) ;
#475 = CC_DESIGN_APPROVAL ( #1440, ( #1811 ) ) ;
#476 = CARTESIAN_POINT ( 'NONE',  ( 1.149990132560313016, -1.150009378396926074, -0.8999250861852579053 ) ) ;
#477 = CIRCLE ( 'NONE', #508, 0.09999999999999996392 ) ;
#478 = EDGE_LOOP ( 'NONE', ( #1495, #915, #884, #1512 ) ) ;
#479 = VECTOR ( 'NONE', #1143, 1000.000000000000000 ) ;
#480 = PLANE ( 'NONE',  #1955 ) ;
#481 = EDGE_CURVE ( 'NONE', #1471, #1909, #1720, .T. ) ;
#482 = CARTESIAN_POINT ( 'NONE',  ( -9.867439984916544655E-06, 0.8838991454130684655, 0.2564279674538366693 ) ) ;
#483 = EDGE_LOOP ( 'NONE', ( #636, #1838, #594, #167, #1826, #629, #854, #1510, #132, #1254, #974 ) ) ;
#484 = CC_DESIGN_PERSON_AND_ORGANIZATION_ASSIGNMENT ( #711, #566, ( #404 ) ) ;
#485 = DIRECTION ( 'NONE',  ( 0.0000000000000000000, 0.9999999993520003461, 3.599999242730454627E-05 ) ) ;
#486 = COORDINATED_UNIVERSAL_TIME_OFFSET ( 5, 0, .BEHIND. ) ;
#487 = PLANE ( 'NONE',  #67 ) ;
#488 = ORIENTED_EDGE ( 'NONE', *, *, #1104, .F. ) ;
#489 = DIRECTION ( 'NONE',  ( 0.0000000000000000000, -0.08719160569280134943, 0.9961915598401297478 ) ) ;
#490 = CARTESIAN_POINT ( 'NONE',  ( -1.767910169830549938, 0.8838991454130686876, 0.2564279674538366693 ) ) ;
#491 = PLANE ( 'NONE',  #1197 ) ;
#492 = PRODUCT_DEFINITION ( 'UNKNOWN', '', #269, #1079 ) ;
#493 = DIRECTION ( 'NONE',  ( 1.000000000000000000, -9.670064939653127303E-25, 2.686129713196388819E-20 ) ) ;
#494 = VERTEX_POINT ( 'NONE', #798 ) ;
#495 =( LENGTH_UNIT ( ) NAMED_UNIT ( * ) SI_UNIT ( .MILLI., .METRE. ) );
#496 = CARTESIAN_POINT ( 'NONE',  ( -1.394641270461464799, -0.2500001506272130358, -0.6833527992313167543 ) ) ;
#497 = VECTOR ( 'NONE', #1621, 1000.000000000000114 ) ;
#498 = CIRCLE ( 'NONE', #1781, 0.8839501502431539315 ) ;
#499 = CARTESIAN_POINT ( 'NONE',  ( 1.982674848703000148, 0.2499988483725096300, -0.4357289083600000001 ) ) ;
#500 = PERSON_AND_ORGANIZATION_ROLE ( 'classification_officer' ) ;
#501 = EDGE_CURVE ( 'NONE', #1365, #1478, #1570, .T. ) ;
#502 = CARTESIAN_POINT ( 'NONE',  ( 1.980176490705031433, -0.2500001671320171703, -0.08102565292269262032 ) ) ;
#503 = VECTOR ( 'NONE', #620, 1000.000000000000114 ) ;
#504 = ORIENTED_EDGE ( 'NONE', *, *, #246, .F. ) ;
#505 = LOCAL_TIME ( 2, 48, 26.00000000000000000, #486 ) ;
#506 = CC_DESIGN_PERSON_AND_ORGANIZATION_ASSIGNMENT ( #1733, #314, ( #423 ) ) ;
#507 = ORIENTED_EDGE ( 'NONE', *, *, #2025, .F. ) ;
#508 = AXIS2_PLACEMENT_3D ( 'NONE', #243, #557, #724 ) ;
#509 = CARTESIAN_POINT ( 'NONE',  ( 1.980176490705022774, 0.2499988328682434813, -0.08102563106709002871 ) ) ;
#510 = CARTESIAN_POINT ( 'NONE',  ( 1.099990132566576406, -1.100009378430000018, -0.8999232861855751553 ) ) ;
#511 = DIRECTION ( 'NONE',  ( -1.000000000000000000, 7.461473004835033985E-16, 1.770139063773321581E-29 ) ) ;
#512 = LINE ( 'NONE', #1640, #957 ) ;
#513 = EDGE_CURVE ( 'NONE', #1847, #21, #768, .T. ) ;
#514 = CARTESIAN_POINT ( 'NONE',  ( 0.8329610481606535277, -0.4701209090142338676, -0.04990060965417098676 ) ) ;
#515 = ORIENTED_EDGE ( 'NONE', *, *, #1625, .F. ) ;
#516 = CARTESIAN_POINT ( 'NONE',  ( -9.867439985100572727E-06, -5.100520839084499597E-05, 0.2563961452347086611 ) ) ;
#517 = CARTESIAN_POINT ( 'NONE',  ( -1.977876274851999572, 0.2499988328725504805, -0.08111859363818001156 ) ) ;
#518 = CARTESIAN_POINT ( 'NONE',  ( -1.150009867440001221, -1.265009378320000044, -0.8999292261839999529 ) ) ;
#519 = DIRECTION ( 'NONE',  ( 0.0000000000000000000, -0.1045642659809893626, 0.9945181316998986665 ) ) ;
#520 = DIRECTION ( 'NONE',  ( 0.0000000000000000000, -0.9999999993520002350, -3.599999242732000970E-05 ) ) ;
#521 = CARTESIAN_POINT ( 'NONE',  ( 2.900001437767721679, 0.2499988331420000265, -0.04890490832867879639 ) ) ;
#522 = ORIENTED_EDGE ( 'NONE', *, *, #386, .F. ) ;
#523 = CARTESIAN_POINT ( 'NONE',  ( -9.867439985593583172E-06, -0.9474898038915613441, -0.04991779492946513824 ) ) ;
#524 = DIRECTION ( 'NONE',  ( 0.0000000000000000000, 0.0000000000000000000, 1.000000000000000000 ) ) ;
#525 = B_SPLINE_CURVE_WITH_KNOTS ( 'NONE', 3,
 ( #1002, #993, #1628, #190 ),
 .UNSPECIFIED., .F., .F.,
 ( 4, 4 ),
 ( 0.0000000000000000000, 1.000000000000000000 ),
 .UNSPECIFIED. ) ;
#526 = VERTEX_POINT ( 'NONE', #476 ) ;
#527 = LINE ( 'NONE', #1149, #1858 ) ;
#528 = ADVANCED_FACE ( 'NONE', ( #159 ), #487, .T. ) ;
#529 = LINE ( 'NONE', #554, #142 ) ;
#530 = LINE ( 'NONE', #1569, #1020 ) ;
#531 = CARTESIAN_POINT ( 'NONE',  ( -1.100009867440000066, -1.100009378426145767, -0.8999232861846624409 ) ) ;
#532 = DIRECTION ( 'NONE',  ( -0.5522855082757647249, 0.0000000000000000000, -0.8336550349806448601 ) ) ;
#533 = FACE_OUTER_BOUND ( 'NONE', #839, .T. ) ;
#534 = AXIS2_PLACEMENT_3D ( 'NONE', #363, #1603, #1759 ) ;
#535 = ORIENTED_EDGE ( 'NONE', *, *, #1545, .F. ) ;
#536 = AXIS2_PLACEMENT_3D ( 'NONE', #771, #641, #1394 ) ;
#537 = CARTESIAN_POINT ( 'NONE',  ( 0.4085457977773860327, -0.8550764602925510216, -0.04991446805111084822 ) ) ;
#538 = VERTEX_POINT ( 'NONE', #1281 ) ;
#539 = DIRECTION ( 'NONE',  ( -7.433103253724117508E-16, -0.9961978350522835424, 0.08711987968967480067 ) ) ;
#540 = VECTOR ( 'NONE', #704, 1000.000000000000114 ) ;
#541 = PRODUCT_DEFINITION_SHAPE ( 'NONE', 'NONE',  #1811 ) ;
#542 = CARTESIAN_POINT ( 'NONE',  ( -1.275698056813095116, 0.2499988708990000252, -0.9510892416618479395 ) ) ;
#543 = AXIS2_PLACEMENT_3D ( 'NONE', #79, #1792, #377 ) ;
#544 = ORIENTED_EDGE ( 'NONE', *, *, #1839, .F. ) ;
#545 = DIRECTION ( 'NONE',  ( 0.0000000000000000000, -0.9999999999999991118, -4.371140915892995802E-08 ) ) ;
#546 = EDGE_CURVE ( 'NONE', #717, #1882, #1145, .T. ) ;
#547 = EDGE_CURVE ( 'NONE', #949, #603, #973, .T. ) ;
#548 = PLANE ( 'NONE',  #1054 ) ;
#549 = CALENDAR_DATE ( 2025, 18, 9 ) ;
#550 = EDGE_CURVE ( 'NONE', #1052, #706, #1915, .T. ) ;
#551 = ORIENTED_EDGE ( 'NONE', *, *, #1477, .F. ) ;
#552 = CARTESIAN_POINT ( 'NONE',  ( 1.099990132566548429, 1.099990620150001375, -0.8998440862025726128 ) ) ;
#553 = B_SPLINE_CURVE_WITH_KNOTS ( 'NONE', 3,
 ( #859, #675, #1297, #1464, #1933, #710 ),
 .UNSPECIFIED., .F., .F.,
 ( 4, 2, 4 ),
 ( 0.0000000000000000000, 0.5000000000000000000, 1.000000000000000000 ),
 .UNSPECIFIED. ) ;
#554 = CARTESIAN_POINT ( 'NONE',  ( -9.867439985100565951E-06, 0.8974766621557850321, -0.002468173928333369099 ) ) ;
#555 = CARTESIAN_POINT ( 'NONE',  ( 1.135168033170000257, 0.1999600207383121497, -0.04987648674590749315 ) ) ;
#556 = PLANE ( 'NONE',  #1953 ) ;
#557 = DIRECTION ( 'NONE',  ( 1.000000000000000000, -6.236826206481250936E-16, 4.408727531843257470E-21 ) ) ;
#558 = EDGE_CURVE ( 'NONE', #464, #469, #354, .T. ) ;
#559 = ORIENTED_EDGE ( 'NONE', *, *, #679, .F. ) ;
#560 = DIRECTION ( 'NONE',  ( 1.000000000000000000, 0.0000000000000000000, 0.0000000000000000000 ) ) ;
#561 = ORIENTED_EDGE ( 'NONE', *, *, #412, .T. ) ;
#562 = DIRECTION ( 'NONE',  ( -1.524681718170679283E-09, 1.000000000000000000, 5.324672895823361753E-11 ) ) ;
#563 = CARTESIAN_POINT ( 'NONE',  ( 0.3873404870107267084, -9.114534420360132644E-05, 1.371400254869948210 ) ) ;
#564 = EDGE_LOOP ( 'NONE', ( #1316, #1062, #420, #2038, #242 ) ) ;
#565 = CARTESIAN_POINT ( 'NONE',  ( -1.275699577686000064, -0.2500001443989933736, -0.6010892635206608325 ) ) ;
#566 = PERSON_AND_ORGANIZATION_ROLE ( 'creator' ) ;
#567 = VECTOR ( 'NONE', #1719, 1000.000000000000114 ) ;
#568 = ORIENTED_EDGE ( 'NONE', *, *, #1566, .T. ) ;
#569 = EDGE_CURVE ( 'NONE', #642, #1692, #1134, .T. ) ;
#570 = VECTOR ( 'NONE', #1311, 1000.000000000000000 ) ;
#571 = VERTEX_POINT ( 'NONE', #1433 ) ;
#572 = LINE ( 'NONE', #2009, #1959 ) ;
#573 = AXIS2_PLACEMENT_3D ( 'NONE', #1757, #1263, #341 ) ;
#574 = APPROVAL ( #462, 'UNSPECIFIED' ) ;
#575 = CARTESIAN_POINT ( 'NONE',  ( 0.7031190809479522796, 0.2856662374314440367, 0.4800140081675388637 ) ) ;
#576 = EDGE_LOOP ( 'NONE', ( #561, #1409, #1013, #933 ) ) ;
#577 = VECTOR ( 'NONE', #1634, 1000.000000000000000 ) ;
#578 = CARTESIAN_POINT ( 'NONE',  ( 1.060651532585370482, -0.7393785786299996721, -0.04991030292872627311 ) ) ;
#579 = LOCAL_TIME ( 2, 48, 26.00000000000000000, #353 ) ;
#580 = AXIS2_PLACEMENT_3D ( 'NONE', #1683, #140, #1706 ) ;
#581 = FACE_OUTER_BOUND ( 'NONE', #127, .T. ) ;
#582 = COORDINATED_UNIVERSAL_TIME_OFFSET ( 5, 0, .BEHIND. ) ;
#583 = VECTOR ( 'NONE', #1202, 1000.000000000000114 ) ;
#584 = B_SPLINE_CURVE_WITH_KNOTS ( 'NONE', 3,
 ( #249, #278, #1041, #1522, #891, #1369, #2006, #911, #121, #1218, #1414, #959, #4, #657, #632, #330, #313, #1431 ),
 .UNSPECIFIED., .F., .F.,
 ( 4, 1, 1, 2, 2, 2, 1, 1, 2, 2, 4 ),
 ( 0.5000000000000000000, 0.5625000000000000000, 0.5937500000000001110, 0.6093750000000001110, 0.6250000000000001110, 0.7500000000000000000, 0.8125000000000000000, 0.8437499999999998890, 0.8593750000000000000, 0.8750000000000000000, 1.000000000000000000 ),
 .UNSPECIFIED. ) ;
#585 = CARTESIAN_POINT ( 'NONE',  ( -9.867439985760557083E-06, -0.8840011553559740110, 0.2563643230314135990 ) ) ;
#586 = CARTESIAN_POINT ( 'NONE',  ( -0.7161103376341835247, -0.6238883322015017496, -0.04990614528024488877 ) ) ;
#587 = EDGE_CURVE ( 'NONE', #1889, #1345, #56, .T. ) ;
#588 = PLANE ( 'NONE',  #1162 ) ;
#589 = FACE_OUTER_BOUND ( 'NONE', #1716, .T. ) ;
#590 = CARTESIAN_POINT ( 'NONE',  ( -1.060671267461306799, 1.060621420200646758, -0.04984550294167228168 ) ) ;
#591 = APPROVAL_STATUS ( 'not_yet_approved' ) ;
#592 = CARTESIAN_POINT ( 'NONE',  ( 2.906981359292360789, 0.2499988314640000098, -0.2487699101313759487 ) ) ;
#593 = CARTESIAN_POINT ( 'NONE',  ( -0.9474596928100009752, -0.1206981006361041442, -0.04988803043570728957 ) ) ;
#594 = ORIENTED_EDGE ( 'NONE', *, *, #1507, .T. ) ;
#595 = PLANE ( 'NONE',  #1493 ) ;
#596 = CARTESIAN_POINT ( 'NONE',  ( 0.7031190809479518355, -0.2857843475829175417, 0.4799934359508605253 ) ) ;
#597 = ORIENTED_EDGE ( 'NONE', *, *, #1128, .T. ) ;
#598 = EDGE_CURVE ( 'NONE', #1243, #72, #512, .T. ) ;
#599 = CARTESIAN_POINT ( 'NONE',  ( 1.149953634955976023, -0.2743443748930395332, -0.8995463107328199870 ) ) ;
#600 = COORDINATED_UNIVERSAL_TIME_OFFSET ( 5, 0, .BEHIND. ) ;
#601 = ORIENTED_EDGE ( 'NONE', *, *, #992, .F. ) ;
#602 = CARTESIAN_POINT ( 'NONE',  ( -1.275698056813115322, 0.2499988708998754638, -0.9510892416619622924 ) ) ;
#603 = VERTEX_POINT ( 'NONE', #1935 ) ;
#604 = CIRCLE ( 'NONE', #1116, 0.3500000000000000333 ) ;
#605 = EDGE_LOOP ( 'NONE', ( #154, #347, #1561, #1427, #1006, #1239 ) ) ;
#606 = PLANE ( 'NONE',  #1756 ) ;
#607 = VECTOR ( 'NONE', #562, 1000.000000000000000 ) ;
#608 = CARTESIAN_POINT ( 'NONE',  ( -9.867439985002183074E-06, -0.8748901872061445317, 0.2931348340539865482 ) ) ;
#609 = ORIENTED_EDGE ( 'NONE', *, *, #546, .F. ) ;
#610 = DIRECTION ( 'NONE',  ( 0.0000000000000000000, -0.9999999993520002350, -3.599999242732000970E-05 ) ) ;
#611 = DATE_AND_TIME ( #1870, #1360 ) ;
#612 = EDGE_CURVE ( 'NONE', #72, #1417, #824, .T. ) ;
#613 = ORIENTED_EDGE ( 'NONE', *, *, #1521, .F. ) ;
#614 = CC_DESIGN_APPROVAL ( #1458, ( #809 ) ) ;
#615 = FACE_OUTER_BOUND ( 'NONE', #1107, .T. ) ;
#616 = VECTOR ( 'NONE', #1182, 1000.000000000000000 ) ;
#617 = EDGE_CURVE ( 'NONE', #1656, #941, #1465, .T. ) ;
#618 = DIRECTION ( 'NONE',  ( 2.686129714937000970E-20, 3.599999242732001648E-05, -0.9999999993520003461 ) ) ;
#619 = ORIENTED_EDGE ( 'NONE', *, *, #1381, .F. ) ;
#620 = DIRECTION ( 'NONE',  ( 0.1039620511778300838, 0.1039976598924762935, -0.9891291011044953674 ) ) ;
#621 = ORIENTED_EDGE ( 'NONE', *, *, #1087, .F. ) ;
#622 = CARTESIAN_POINT ( 'NONE',  ( -9.867439985001153082E-06, -0.8840011558318965346, 0.2563643230563384390 ) ) ;
#623 = ORIENTED_EDGE ( 'NONE', *, *, #1747, .T. ) ;
#624 = CARTESIAN_POINT ( 'NONE',  ( 1.701086750112855261, -0.2500001505915002142, -0.2367977275459040576 ) ) ;
#625 = ADVANCED_FACE ( 'NONE', ( #1298 ), #687, .T. ) ;
#626 = CARTESIAN_POINT ( 'NONE',  ( -0.5491337227457021575, 0.7770471418320125112, -0.04985571161375582788 ) ) ;
#627 = ORIENTED_EDGE ( 'NONE', *, *, #126, .T. ) ;
#628 = PLANE ( 'NONE',  #1890 ) ;
#629 = ORIENTED_EDGE ( 'NONE', *, *, #177, .T. ) ;
#630 = CARTESIAN_POINT ( 'NONE',  ( -9.867439984917327313E-06, 0.8801547599817176604, 0.2815985047077479431 ) ) ;
#631 = ORIENTED_EDGE ( 'NONE', *, *, #1785, .T. ) ;
#632 = CARTESIAN_POINT ( 'NONE',  ( 0.8753743908825120101, 0.3626916294248908601, -0.04987062840907437178 ) ) ;
#633 = CALENDAR_DATE ( 2025, 18, 9 ) ;
#634 = CARTESIAN_POINT ( 'NONE',  ( -1.100009867439149414, 1.099990620149520204, -0.8998440862018382003 ) ) ;
#635 = CARTESIAN_POINT ( 'NONE',  ( -2.899999661469993661, -0.2500001627110000624, -0.04891763015766047856 ) ) ;
#636 = ORIENTED_EDGE ( 'NONE', *, *, #953, .T. ) ;
#637 = EDGE_CURVE ( 'NONE', #1115, #642, #1086, .T. ) ;
#638 = VERTEX_POINT ( 'NONE', #994 ) ;
#639 = VECTOR ( 'NONE', #1773, 1000.000000000000227 ) ;
#640 = AXIS2_PLACEMENT_3D ( 'NONE', #2003, #384, #1673 ) ;
#641 = DIRECTION ( 'NONE',  ( 2.686129714937000970E-20, 3.599999242732001648E-05, -0.9999999993520003461 ) ) ;
#642 = VERTEX_POINT ( 'NONE', #502 ) ;
#643 = DIRECTION ( 'NONE',  ( -0.0000000000000000000, 0.9999999999999991118, 4.371140915892995802E-08 ) ) ;
#644 = COORDINATED_UNIVERSAL_TIME_OFFSET ( 5, 0, .BEHIND. ) ;
#645 = CC_DESIGN_APPROVAL ( #49, ( #404 ) ) ;
#646 = DIRECTION ( 'NONE',  ( -7.461474065096195269E-16, -0.9999999993520002350, -3.599999242735331503E-05 ) ) ;
#647 = VECTOR ( 'NONE', #1241, 1000.000000000000114 ) ;
#648 = ORIENTED_EDGE ( 'NONE', *, *, #1853, .T. ) ;
#649 = FACE_OUTER_BOUND ( 'NONE', #875, .T. ) ;
#650 = EDGE_CURVE ( 'NONE', #469, #1656, #1748, .T. ) ;
#651 = CARTESIAN_POINT ( 'NONE',  ( -9.867439984918448785E-06, 0.8747855297538490449, 0.2931978225605942345 ) ) ;
#652 = FACE_OUTER_BOUND ( 'NONE', #1542, .T. ) ;
#653 = DATE_TIME_ROLE ( 'classification_date' ) ;
#654 = CARTESIAN_POINT ( 'NONE',  ( -1.977876274089719555, 0.2499988314650000154, -0.08111859366479928779 ) ) ;
#655 = DIRECTION ( 'NONE',  ( 2.826719427844282089E-20, 3.599999243101943626E-05, -0.9999999993520003461 ) ) ;
#656 = ADVANCED_FACE ( 'NONE', ( #533 ), #1159, .F. ) ;
#657 = CARTESIAN_POINT ( 'NONE',  ( 0.8684873651278979256, 0.3789619082464078526, -0.04987004267915963462 ) ) ;
#658 = APPROVAL_STATUS ( 'not_yet_approved' ) ;
#659 = CC_DESIGN_PERSON_AND_ORGANIZATION_ASSIGNMENT ( #1242, #1180, ( #1469 ) ) ;
#660 = CARTESIAN_POINT ( 'NONE',  ( 1.099990132561637024, 1.099990620149040810, -0.8998440862020365971 ) ) ;
#661 = EDGE_LOOP ( 'NONE', ( #1526, #1721, #213, #1389, #57, #1713, #1442, #1401, #381, #535, #825, #522, #601, #1015, #94, #1192, #2002, #1614, #1337, #1750 ) ) ;
#662 = CARTESIAN_POINT ( 'NONE',  ( 1.060651532585372925, 1.060621420200001497, -0.04984550294236597678 ) ) ;
#663 = VECTOR ( 'NONE', #1252, 1000.000000000000000 ) ;
#664 = SHAPE_DEFINITION_REPRESENTATION ( #1362, #1481 ) ;
#665 = DIRECTION ( 'NONE',  ( 1.239088197126290669E-15, 4.371140912027123534E-08, -0.9999999999999990008 ) ) ;
#666 =( GEOMETRIC_REPRESENTATION_CONTEXT ( 3 ) GLOBAL_UNCERTAINTY_ASSIGNED_CONTEXT ( ( #275 ) ) GLOBAL_UNIT_ASSIGNED_CONTEXT ( ( #495, #1616, #345 ) ) REPRESENTATION_CONTEXT ( 'NONE', 'WORKASPACE' ) );
#667 = ORIENTED_EDGE ( 'NONE', *, *, #334, .T. ) ;
#668 = SECURITY_CLASSIFICATION ( '', '', #360 ) ;
#669 = AXIS2_PLACEMENT_3D ( 'NONE', #1490, #1343, #520 ) ;
#670 = CARTESIAN_POINT ( 'NONE',  ( -2.899999661724111277, 0.2499988314650000154, -0.04891761557834561902 ) ) ;
#671 = DIRECTION ( 'NONE',  ( -7.156227716854974108E-18, 3.599999241811457760E-05, -0.9999999993520003461 ) ) ;
#672 = CIRCLE ( 'NONE', #1320, 0.1499999999999999944 ) ;
#673 = CARTESIAN_POINT ( 'NONE',  ( -1.150009867440596967, -1.150009378398462845, -0.8999250861850665029 ) ) ;
#674 = DIRECTION ( 'NONE',  ( 1.000000000000000000, -7.404841369080048545E-16, 6.475710611853752036E-17 ) ) ;
#675 = CARTESIAN_POINT ( 'NONE',  ( -0.6987899617447138612, 0.1828741782014105532, 0.6735519935105798162 ) ) ;
#676 = DIRECTION ( 'NONE',  ( -1.224558178948974195E-16, 1.000000000000000000, 0.0000000000000000000 ) ) ;
#677 = DIRECTION ( 'NONE',  ( 0.0000000000000000000, -0.1044926604189721914, -0.9945256577477351589 ) ) ;
#678 = ORIENTED_EDGE ( 'NONE', *, *, #1700, .T. ) ;
#679 = EDGE_CURVE ( 'NONE', #756, #80, #456, .T. ) ;
#680 = CARTESIAN_POINT ( 'NONE',  ( 0.5491139878676286612, -0.7771271000919574012, -0.04991166187473208143 ) ) ;
#681 = ORIENTED_EDGE ( 'NONE', *, *, #1980, .F. ) ;
#682 = PLANE ( 'NONE',  #1361 ) ;
#683 = FACE_OUTER_BOUND ( 'NONE', #1983, .T. ) ;
#684 = LINE ( 'NONE', #7, #1551 ) ;
#685 = DIRECTION ( 'NONE',  ( 1.000000000000000000, -7.379891603988325337E-16, -7.759264753386739975E-17 ) ) ;
#686 = DATE_AND_TIME ( #227, #335 ) ;
#687 = PLANE ( 'NONE',  #534 ) ;
#688 = ORIENTED_EDGE ( 'NONE', *, *, #978, .T. ) ;
#689 = LINE ( 'NONE', #193, #1051 ) ;
#690 = EDGE_CURVE ( 'NONE', #1365, #1910, #61, .T. ) ;
#691 = EDGE_LOOP ( 'NONE', ( #619, #1399, #818 ) ) ;
#692 = LINE ( 'NONE', #1796, #1749 ) ;
#693 = DIRECTION ( 'NONE',  ( 0.0000000000000000000, 4.371140927515725147E-08, -0.9999999999999991118 ) ) ;
#694 = CARTESIAN_POINT ( 'NONE',  ( -9.867439985181889584E-06, -0.6988461165134673969, 0.6735202516505052195 ) ) ;
#695 = EDGE_CURVE ( 'NONE', #469, #318, #1172, .T. ) ;
#696 = LINE ( 'NONE', #1176, #1817 ) ;
#697 = CIRCLE ( 'NONE', #989, 0.3500000000000000333 ) ;
#698 = ORIENTED_EDGE ( 'NONE', *, *, #513, .F. ) ;
#699 = CIRCLE ( 'NONE', #1097, 0.04999999999487685781 ) ;
#700 = CARTESIAN_POINT ( 'NONE',  ( 0.8839402827980523680, -5.100521002577825327E-05, 0.2563961453082193032 ) ) ;
#701 = ORIENTED_EDGE ( 'NONE', *, *, #1178, .F. ) ;
#702 = DIRECTION ( 'NONE',  ( 0.5543277669830626309, 0.0000000000000000000, 0.8322984601400938987 ) ) ;
#703 = AXIS2_PLACEMENT_3D ( 'NONE', #413, #716, #252 ) ;
#704 = DIRECTION ( 'NONE',  ( -0.9993908373345413709, -1.525493277208779529E-09, 0.03489920130553387373 ) ) ;
#705 = LOCAL_TIME ( 2, 48, 26.00000000000000000, #917 ) ;
#706 = VERTEX_POINT ( 'NONE', #1949 ) ;
#707 = DIRECTION ( 'NONE',  ( 0.8264717498370138804, -2.460857017780040549E-08, 0.5629781938240093764 ) ) ;
#708 = EDGE_CURVE ( 'NONE', #1323, #638, #692, .T. ) ;
#709 = CC_DESIGN_DATE_AND_TIME_ASSIGNMENT ( #108, #754, ( #809 ) ) ;
#710 = CARTESIAN_POINT ( 'NONE',  ( -9.867439984219824480E-06, 0.6987140713418892313, 0.6735705638201543444 ) ) ;
#711 = PERSON_AND_ORGANIZATION ( #1235, #1093 ) ;
#712 = VERTEX_POINT ( 'NONE', #38 ) ;
#713 = PERSON_AND_ORGANIZATION ( #1235, #1093 ) ;
#714 = ORIENTED_EDGE ( 'NONE', *, *, #1437, .F. ) ;
#715 = DIRECTION ( 'NONE',  ( 1.271473456820672805E-14, -0.9999999993520002350, -3.599999227379011772E-05 ) ) ;
#716 = DIRECTION ( 'NONE',  ( 0.0000000000000000000, -0.9999999999999991118, -4.371140915892995802E-08 ) ) ;
#717 = VERTEX_POINT ( 'NONE', #1496 ) ;
#718 = LINE ( 'NONE', #555, #1219 ) ;
#719 =( REPRESENTATION_RELATIONSHIP ('NONE','NONE', #1481, #1552 ) REPRESENTATION_RELATIONSHIP_WITH_TRANSFORMATION ( #2034 )SHAPE_REPRESENTATION_RELATIONSHIP( ) );
#720 = CYLINDRICAL_SURFACE ( 'NONE', #9, 0.1499999999999999944 ) ;
#721 = APPROVAL_DATE_TIME ( #87, #1155 ) ;
#722 = ADVANCED_FACE ( 'NONE', ( #867 ), #1165, .T. ) ;
#723 = EDGE_CURVE ( 'NONE', #1532, #1860, #1479, .T. ) ;
#724 = DIRECTION ( 'NONE',  ( 6.236776382527320035E-16, 0.9999999993520002350, 3.599999242719782689E-05 ) ) ;
#725 = ORIENTED_EDGE ( 'NONE', *, *, #1268, .T. ) ;
#726 = ADVANCED_FACE ( 'NONE', ( #1633 ), #70, .T. ) ;
#727 = ORIENTED_EDGE ( 'NONE', *, *, #943, .T. ) ;
#728 = DIRECTION ( 'NONE',  ( 0.0000000000000000000, -0.9999999993520002350, -3.599999242732000970E-05 ) ) ;
#729 = CARTESIAN_POINT ( 'NONE',  ( 0.7031190809479522796, 0.1266631620685193804, 0.6639833957925856955 ) ) ;
#730 = ORIENTED_EDGE ( 'NONE', *, *, #695, .T. ) ;
#731 = CARTESIAN_POINT ( 'NONE',  ( -1.990090995309000022, -0.2500001518383265786, -0.4309054085606609519 ) ) ;
#732 = SECURITY_CLASSIFICATION_LEVEL ( 'unclassified' ) ;
#733 = EDGE_CURVE ( 'NONE', #851, #311, #339, .T. ) ;
#734 = VECTOR ( 'NONE', #1504, 1000.000000000000000 ) ;
#735 = ORIENTED_EDGE ( 'NONE', *, *, #617, .T. ) ;
#736 = VECTOR ( 'NONE', #1185, 1000.000000000000000 ) ;
#737 = CC_DESIGN_DATE_AND_TIME_ASSIGNMENT ( #187, #2023, ( #492 ) ) ;
#738 = ORIENTED_EDGE ( 'NONE', *, *, #931, .T. ) ;
#739 = DIRECTION ( 'NONE',  ( -0.9999999999905588854, 0.0000000000000000000, -4.345351125777083684E-06 ) ) ;
#740 = CIRCLE ( 'NONE', #309, 0.09999999999999996392 ) ;
#741 = DIRECTION ( 'NONE',  ( 0.0000000000000000000, -0.9999999999999991118, -4.371140915892995802E-08 ) ) ;
#742 = AXIS2_PLACEMENT_3D ( 'NONE', #1701, #928, #283 ) ;
#743 = CARTESIAN_POINT ( 'NONE',  ( 1.279691390440000687, -0.2500001379379280797, -0.7489060701576608636 ) ) ;
#744 = APPROVAL_PERSON_ORGANIZATION ( #1187, #2015, #848 ) ;
#745 = CIRCLE ( 'NONE', #580, 0.1500000000000000500 ) ;
#746 = DIRECTION ( 'NONE',  ( 1.000000000000000000, -9.670064939653127303E-25, 2.686129713196388819E-20 ) ) ;
#747 = CONTEXT_DEPENDENT_SHAPE_REPRESENTATION ( #836, #758 ) ;
#748 = VECTOR ( 'NONE', #215, 1000.000000000000000 ) ;
#749 = CARTESIAN_POINT ( 'NONE',  ( -2.899999661469999879, 0.2499988620624811198, -0.7489060483020000270 ) ) ;
#750 = ADVANCED_FACE ( 'NONE', ( #1461 ), #682, .T. ) ;
#751 = CARTESIAN_POINT ( 'NONE',  ( -0.3873602218907138961, -9.114534420280766334E-05, 1.371400254869941993 ) ) ;
#752 = ORIENTED_EDGE ( 'NONE', *, *, #1334, .F. ) ;
#753 = CARTESIAN_POINT ( 'NONE',  ( 1.248685225410000266, -0.2000399790099998687, -0.04989088674272976892 ) ) ;
#754 = DATE_TIME_ROLE ( 'classification_date' ) ;
#755 = ORIENTED_EDGE ( 'NONE', *, *, #1761, .F. ) ;
#756 = VERTEX_POINT ( 'NONE', #1770 ) ;
#757 = ADVANCED_FACE ( 'NONE', ( #1447 ), #876, .F. ) ;
#758 = PRODUCT_DEFINITION_SHAPE ( 'NONE', 'NONE',  #2050 ) ;
#759 = CARTESIAN_POINT ( 'NONE',  ( 0.3873404870107267084, -9.114534420338593612E-05, 1.371400254869948432 ) ) ;
#760 = VERTEX_POINT ( 'NONE', #984 ) ;
#761 = LINE ( 'NONE', #1046, #200 ) ;
#762 = PERSON_AND_ORGANIZATION ( #1235, #1093 ) ;
#763 = EDGE_CURVE ( 'NONE', #929, #1964, #1618, .T. ) ;
#764 = DIRECTION ( 'NONE',  ( 1.524681718171676863E-09, 1.000000000000000000, 5.324672895829898418E-11 ) ) ;
#765 = DIRECTION ( 'NONE',  ( 0.0000000000000000000, 0.0000000000000000000, 1.000000000000000000 ) ) ;
#766 = CARTESIAN_POINT ( 'NONE',  ( -0.1201410821229924319, 0.9473425872186458374, -0.04984958097900750451 ) ) ;
#767 = ORIENTED_EDGE ( 'NONE', *, *, #1332, .F. ) ;
#768 = CIRCLE ( 'NONE', #296, 0.8748378593462691200 ) ;
#769 = CARTESIAN_POINT ( 'NONE',  ( 1.279691390440000909, 0.2499988620622405899, -0.7489060483020001380 ) ) ;
#770 = ORIENTED_EDGE ( 'NONE', *, *, #513, .T. ) ;
#771 = CARTESIAN_POINT ( 'NONE',  ( -9.867439985100572727E-06, -5.100520839084499597E-05, 0.2563961452347086611 ) ) ;
#772 = PERSON_AND_ORGANIZATION ( #426, #2027 ) ;
#773 = ADVANCED_FACE ( 'NONE', ( #1328 ), #1007, .T. ) ;
#774 = CC_DESIGN_SECURITY_CLASSIFICATION ( #1626, ( #2050 ) ) ;
#775 = CC_DESIGN_PERSON_AND_ORGANIZATION_ASSIGNMENT ( #1342, #1979, ( #492 ) ) ;
#776 = CARTESIAN_POINT ( 'NONE',  ( -1.909986402348111900, -0.2500001581780003646, -0.2889044501223231864 ) ) ;
#777 = AXIS2_PLACEMENT_3D ( 'NONE', #835, #1321, #204 ) ;
#778 = ORIENTED_EDGE ( 'NONE', *, *, #849, .F. ) ;
#779 = DIRECTION ( 'NONE',  ( 0.0000000000000000000, 0.9999999993520002350, 3.599999242362047472E-05 ) ) ;
#780 = EDGE_LOOP ( 'NONE', ( #1310, #1677, #918, #1708 ) ) ;
#781 =( BOUNDED_SURFACE ( )  B_SPLINE_SURFACE ( 3, 3, ( 
 ( #622, #1715, #490, #482 ),
 ( #1574, #1090, #1247, #1898 ),
 ( #1430, #1591, #1564, #630 ),
 ( #17, #1881, #468, #651 ) ),
 .UNSPECIFIED., .F., .F., .T. ) 
 B_SPLINE_SURFACE_WITH_KNOTS ( ( 4, 4 ),
 ( 4, 4 ),
 ( 0.0000000000000000000, 1.000000000000000000 ),
 ( 0.0000000000000000000, 1.000000000000000000 ),
 .UNSPECIFIED. ) 
 GEOMETRIC_REPRESENTATION_ITEM ( )  RATIONAL_B_SPLINE_SURFACE ( (
 ( 1.000000000000000000, 0.3333333333333332038, 0.3333333333333332038, 1.000000000000000000),
 ( 0.9879317663443585307, 0.3293105887814526955, 0.3293105887814526955, 0.9879317663443585307),
 ( 0.9879317663443585307, 0.3293105887814526955, 0.3293105887814526955, 0.9879317663443585307),
 ( 1.000000000000000000, 0.3333333333333332038, 0.3333333333333332038, 1.000000000000000000) ) ) 
 REPRESENTATION_ITEM ( '' )  SURFACE ( )  );
#782 = CARTESIAN_POINT ( 'NONE',  ( 1.800658958529999909, 0.2499988331420000265, -0.08729446830199999452 ) ) ;
#783 = DIRECTION ( 'NONE',  ( -1.000000000000000000, 9.670064939653127303E-25, -2.686129713196388819E-20 ) ) ;
#784 = EDGE_CURVE ( 'NONE', #391, #1065, #1303, .T. ) ;
#785 = APPROVAL_ROLE ( '' ) ;
#786 = DIRECTION ( 'NONE',  ( -1.608195182094266808E-15, -0.9999999993520002350, -3.599999241894921676E-05 ) ) ;
#787 = CARTESIAN_POINT ( 'NONE',  ( 1.273364674252000173, 0.2499988708989931974, -0.9510781650859997383 ) ) ;
#788 = CC_DESIGN_PERSON_AND_ORGANIZATION_ASSIGNMENT ( #807, #1405, ( #1811 ) ) ;
#789 = VERTEX_POINT ( 'NONE', #1974 ) ;
#790 = CARTESIAN_POINT ( 'NONE',  ( 0.9474399579381562742, -3.997913000857920390E-05, -0.04988368674466605451 ) ) ;
#791 = ORIENTED_EDGE ( 'NONE', *, *, #723, .F. ) ;
#792 = DIRECTION ( 'NONE',  ( 0.0000000000000000000, -0.9999999999999991118, -4.371140915892995802E-08 ) ) ;
#793 = ORIENTED_EDGE ( 'NONE', *, *, #819, .F. ) ;
#794 = DIRECTION ( 'NONE',  ( 0.9993908373345413709, 0.0000000000000000000, -0.03489920130553398475 ) ) ;
#795 = APPROVAL_ROLE ( '' ) ;
#796 = CARTESIAN_POINT ( 'NONE',  ( -9.867439984219824480E-06, 0.6987140713418892313, 0.6735705638201543444 ) ) ;
#797 = EDGE_CURVE ( 'NONE', #1345, #2035, #527, .T. ) ;
#798 = CARTESIAN_POINT ( 'NONE',  ( 2.906981358784121117, 0.2499988402008248012, -0.2487698955784586885 ) ) ;
#799 = EDGE_LOOP ( 'NONE', ( #1446, #544, #117, #437 ) ) ;
#800 = ADVANCED_FACE ( 'NONE', ( #855 ), #1726, .T. ) ;
#801 = CC_DESIGN_PERSON_AND_ORGANIZATION_ASSIGNMENT ( #762, #1230, ( #269 ) ) ;
#802 = ORIENTED_EDGE ( 'NONE', *, *, #1332, .T. ) ;
#803 = VECTOR ( 'NONE', #1945, 1000.000000000000114 ) ;
#804 = PLANE ( 'NONE',  #1450 ) ;
#805 = AXIS2_PLACEMENT_3D ( 'NONE', #950, #328, #1269 ) ;
#806 = LINE ( 'NONE', #1594, #1728 ) ;
#807 = PERSON_AND_ORGANIZATION ( #1235, #1093 ) ;
#808 = VECTOR ( 'NONE', #1764, 1000.000000000000227 ) ;
#809 = SECURITY_CLASSIFICATION ( '', '', #889 ) ;
#810 = CIRCLE ( 'NONE', #908, 0.1499999999999999944 ) ;
#811 = ORIENTED_EDGE ( 'NONE', *, *, #443, .T. ) ;
#812 = FACE_OUTER_BOUND ( 'NONE', #1475, .T. ) ;
#813 = ADVANCED_FACE ( 'NONE', ( #1347 ), #606, .T. ) ;
#814 = FACE_OUTER_BOUND ( 'NONE', #605, .T. ) ;
#815 = DIRECTION ( 'NONE',  ( 0.0000000000000000000, -0.9999999999999991118, -4.371140915892995802E-08 ) ) ;
#816 = DATE_AND_TIME ( #945, #1593 ) ;
#817 = DIRECTION ( 'NONE',  ( 0.0000000000000000000, 4.371140927515725147E-08, -0.9999999999999991118 ) ) ;
#818 = ORIENTED_EDGE ( 'NONE', *, *, #1747, .F. ) ;
#819 = EDGE_CURVE ( 'NONE', #320, #291, #1827, .T. ) ;
#820 = CARTESIAN_POINT ( 'NONE',  ( -1.060671267465225220, 1.060621420199999942, -0.04984550294133035381 ) ) ;
#821 = B_SPLINE_CURVE_WITH_KNOTS ( 'NONE', 3,
 ( #1216, #427, #265, #1861, #932, #942 ),
 .UNSPECIFIED., .F., .F.,
 ( 4, 2, 4 ),
 ( 0.0000000000000000000, 0.5000000000000000000, 1.000000000000000000 ),
 .UNSPECIFIED. ) ;
#822 = EDGE_CURVE ( 'NONE', #1246, #1198, #434, .T. ) ;
#823 = CARTESIAN_POINT ( 'NONE',  ( -9.867439985109319189E-06, -5.232893451980826264E-05, 0.2931663279923661936 ) ) ;
#824 = LINE ( 'NONE', #206, #1154 ) ;
#825 = ORIENTED_EDGE ( 'NONE', *, *, #690, .F. ) ;
#826 = CARTESIAN_POINT ( 'NONE',  ( 1.800658959292280370, -0.2500001671320000729, -0.08729449013104167987 ) ) ;
#827 = CARTESIAN_POINT ( 'NONE',  ( 1.150728350799999911, -0.3017135496100000203, -0.9413445475680000119 ) ) ;
#828 = CARTESIAN_POINT ( 'NONE',  ( -9.867439985109319189E-06, -5.232893451980826264E-05, 0.2931663279923661936 ) ) ;
#829 = VECTOR ( 'NONE', #1988, 1000.000000000000000 ) ;
#830 = VECTOR ( 'NONE', #1426, 999.9999999999998863 ) ;
#831 = DIRECTION ( 'NONE',  ( 0.0000000000000000000, -0.08719160569280134943, 0.9961915598401297478 ) ) ;
#832 = DATE_AND_TIME ( #549, #907 ) ;
#833 = EDGE_CURVE ( 'NONE', #1802, #1586, #810, .T. ) ;
#834 = VECTOR ( 'NONE', #970, 1000.000000000000114 ) ;
#835 = CARTESIAN_POINT ( 'NONE',  ( -1.909986401470000095, 0.2499988419549999952, -0.2889044283020000270 ) ) ;
#836 =( REPRESENTATION_RELATIONSHIP ('NONE','NONE', #1481, #1125 ) REPRESENTATION_RELATIONSHIP_WITH_TRANSFORMATION ( #440 )SHAPE_REPRESENTATION_RELATIONSHIP( ) );
#837 = CARTESIAN_POINT ( 'NONE',  ( -1.150012616700000878, -1.265009378320000044, -0.8999292261839999529 ) ) ;
#838 = AXIS2_PLACEMENT_3D ( 'NONE', #212, #1966, #1130 ) ;
#839 = EDGE_LOOP ( 'NONE', ( #176, #169, #701, #1571 ) ) ;
#840 = APPROVAL_PERSON_ORGANIZATION ( #1506, #1458, #1681 ) ;
#841 = VECTOR ( 'NONE', #885, 1000.000000000000227 ) ;
#842 = CARTESIAN_POINT ( 'NONE',  ( 0.6238384860367456319, -0.7161404488622200581, -0.04990946635574822904 ) ) ;
#843 = CARTESIAN_POINT ( 'NONE',  ( 1.056184740049999959, -0.2780890792399999811, -0.9423662317109999798 ) ) ;
#844 = AXIS2_PLACEMENT_3D ( 'NONE', #1473, #990, #1623 ) ;
#845 = CARTESIAN_POINT ( 'NONE',  ( -9.867439984782583006E-06, -0.8975600329849415804, -0.002532795240849818833 ) ) ;
#846 = CARTESIAN_POINT ( 'NONE',  ( -1.394641270461449478, 0.2499988591969999896, -0.6833527773755453394 ) ) ;
#847 = CARTESIAN_POINT ( 'NONE',  ( 1.976701066745300217, 0.2499988401999999887, -0.2858479091334189537 ) ) ;
#848 = APPROVAL_ROLE ( '' ) ;
#849 = EDGE_CURVE ( 'NONE', #603, #1699, #572, .T. ) ;
#850 = DIRECTION ( 'NONE',  ( 0.0000000000000000000, -0.9999999993520002350, -3.599999242732000970E-05 ) ) ;
#851 = VERTEX_POINT ( 'NONE', #1194 ) ;
#852 = CARTESIAN_POINT ( 'NONE',  ( -9.867439985109319189E-06, 0.8747855294379579538, 0.2931978221486631342 ) ) ;
#853 = CC_DESIGN_DATE_AND_TIME_ASSIGNMENT ( #5, #653, ( #1725 ) ) ;
#854 = ORIENTED_EDGE ( 'NONE', *, *, #257, .T. ) ;
#855 = FACE_OUTER_BOUND ( 'NONE', #1823, .T. ) ;
#856 = DIRECTION ( 'NONE',  ( 0.01745240642600026301, 0.0000000000000000000, 0.9998476951565881121 ) ) ;
#857 = ORIENTED_EDGE ( 'NONE', *, *, #22, .F. ) ;
#858 = FACE_OUTER_BOUND ( 'NONE', #264, .T. ) ;
#859 = CARTESIAN_POINT ( 'NONE',  ( -0.6987899618049860928, -6.602257595672874734E-05, 0.6735454077349932733 ) ) ;
#860 = PERSON_AND_ORGANIZATION_ROLE ( 'design_supplier' ) ;
#861 = PLANE ( 'NONE',  #543 ) ;
#862 =( BOUNDED_SURFACE ( )  B_SPLINE_SURFACE ( 3, 3, ( 
 ( #1654, #1030, #1037, #263 ),
 ( #751, #244, #93, #424 ),
 ( #759, #1183, #1497, #905 ),
 ( #234, #729, #1214, #575 ) ),
 .UNSPECIFIED., .F., .F., .T. ) 
 B_SPLINE_SURFACE_WITH_KNOTS ( ( 4, 4 ),
 ( 4, 4 ),
 ( 0.0000000000000000000, 1.000000000000000000 ),
 ( 0.0000000000000000000, 1.000000000000000000 ),
 .UNSPECIFIED. ) 
 GEOMETRIC_REPRESENTATION_ITEM ( )  RATIONAL_B_SPLINE_SURFACE ( (
 ( 1.000000000000000000, 0.8938559782532827791, 0.8938559782532827791, 1.000000000000000000),
 ( 0.6050757755512298219, 0.5408505992727082878, 0.5408505992727082878, 0.6050757755512298219),
 ( 0.6050757755512298219, 0.5408505992727082878, 0.5408505992727082878, 0.6050757755512298219),
 ( 1.000000000000000000, 0.8938559782532827791, 0.8938559782532827791, 1.000000000000000000) ) ) 
 REPRESENTATION_ITEM ( '' )  SURFACE ( )  );
#863 = ORIENTED_EDGE ( 'NONE', *, *, #650, .T. ) ;
#864 = CARTESIAN_POINT ( 'NONE',  ( 0.9148718651351733788, -0.2497305659536262212, -0.04989267560348461389 ) ) ;
#865 = ORIENTED_EDGE ( 'NONE', *, *, #587, .F. ) ;
#866 = EDGE_CURVE ( 'NONE', #1052, #1266, #1670, .T. ) ;
#867 = FACE_OUTER_BOUND ( 'NONE', #1662, .T. ) ;
#868 = DIRECTION ( 'NONE',  ( -7.745335004623954998E-16, 3.599999242730455304E-05, -0.9999999993520003461 ) ) ;
#869 = DIRECTION ( 'NONE',  ( 0.9999999999905588854, -1.899326310628464825E-13, 4.345351040687227685E-06 ) ) ;
#870 = CARTESIAN_POINT ( 'NONE',  ( -9.867439985539484872E-06, -0.8748901876253086796, 0.2931348342479773716 ) ) ;
#871 = PERSON_AND_ORGANIZATION ( #1235, #1093 ) ;
#872 = VECTOR ( 'NONE', #869, 1000.000000000000227 ) ;
#873 = CYLINDRICAL_SURFACE ( 'NONE', #1423, 0.1499999999999999944 ) ;
#874 = ADVANCED_BREP_SHAPE_REPRESENTATION ( '', ( #1049, #1224 ), #666 ) ;
#875 = EDGE_LOOP ( 'NONE', ( #1, #399, #1380, #998 ) ) ;
#876 = PLANE ( 'NONE',  #446 ) ;
#877 = LOCAL_TIME ( 2, 48, 26.00000000000000000, #1848 ) ;
#878 = ADVANCED_FACE ( 'NONE', ( #1513 ), #595, .T. ) ;
#879 = PRODUCT_DEFINITION_SHAPE ( 'NONE', 'NONE',  #2051 ) ;
#880 = PLANE ( 'NONE',  #137 ) ;
#881 = DIRECTION ( 'NONE',  ( -1.000000000000000000, 7.461469918178328820E-16, 0.0000000000000000000 ) ) ;
#882 = PRODUCT_RELATED_PRODUCT_CATEGORY ( 'detail', '', ( #1469 ) ) ;
#883 = DIRECTION ( 'NONE',  ( 0.0000000000000000000, 4.371140927515726471E-08, -0.9999999999999991118 ) ) ;
#884 = ORIENTED_EDGE ( 'NONE', *, *, #1048, .F. ) ;
#885 = DIRECTION ( 'NONE',  ( -6.514544834313366263E-16, -0.4200051147549792030, -0.9075217372491176659 ) ) ;
#886 = LINE ( 'NONE', #897, #734 ) ;
#887 = ADVANCED_FACE ( 'NONE', ( #903 ), #588, .F. ) ;
#888 = FACE_BOUND ( 'NONE', #1835, .T. ) ;
#889 = SECURITY_CLASSIFICATION_LEVEL ( 'unclassified' ) ;
#890 = CC_DESIGN_DATE_AND_TIME_ASSIGNMENT ( #1705, #256, ( #1626 ) ) ;
#891 = CARTESIAN_POINT ( 'NONE',  ( 0.2922533985639672038, 0.9013578336779677347, -0.04985123642978784436 ) ) ;
#892 = CARTESIAN_POINT ( 'NONE',  ( 1.149987383299999610, -0.2742872902999999307, -0.8988935601959999744 ) ) ;
#893 = ORIENTED_EDGE ( 'NONE', *, *, #723, .T. ) ;
#894 = CARTESIAN_POINT ( 'NONE',  ( 2.906981358529999948, 0.2499988401999999887, -0.2487698883020000307 ) ) ;
#895 = FACE_OUTER_BOUND ( 'NONE', #661, .T. ) ;
#896 = ORIENTED_EDGE ( 'NONE', *, *, #60, .T. ) ;
#897 = CARTESIAN_POINT ( 'NONE',  ( 1.149987383297016885, -0.2743724554199991617, -0.8998674057603136545 ) ) ;
#898 = CARTESIAN_POINT ( 'NONE',  ( 1.279691390440000021, 0.2499988555049999783, -0.5989060483020000047 ) ) ;
#899 = CALENDAR_DATE ( 2025, 18, 9 ) ;
#900 = DIRECTION ( 'NONE',  ( -0.9991912389948653939, 0.0000000000000000000, 0.04021029614297459004 ) ) ;
#901 = EDGE_CURVE ( 'NONE', #949, #1860, #1359, .T. ) ;
#902 = VECTOR ( 'NONE', #938, 1000.000000000000114 ) ;
#903 = FACE_OUTER_BOUND ( 'NONE', #1927, .T. ) ;
#904 = AXIS2_PLACEMENT_3D ( 'NONE', #1318, #238, #881 ) ;
#905 = CARTESIAN_POINT ( 'NONE',  ( 0.3873404870107273745, 0.9296580218192856959, 0.7727931905292417802 ) ) ;
#906 =( GEOMETRIC_REPRESENTATION_CONTEXT ( 3 ) GLOBAL_UNCERTAINTY_ASSIGNED_CONTEXT ( ( #1704 ) ) GLOBAL_UNIT_ASSIGNED_CONTEXT ( ( #1534, #1082, #1494 ) ) REPRESENTATION_CONTEXT ( 'NONE', 'WORKASPACE' ) );
#907 = LOCAL_TIME ( 2, 48, 26.00000000000000000, #1957 ) ;
#908 = AXIS2_PLACEMENT_3D ( 'NONE', #1845, #1378, #92 ) ;
#909 = PLANE ( 'NONE',  #1897 ) ;
#910 = APPROVAL_ROLE ( '' ) ;
#911 = CARTESIAN_POINT ( 'NONE',  ( 0.4700710627494315008, 0.8329309359287491166, -0.04985369979759024517 ) ) ;
#912 = EDGE_CURVE ( 'NONE', #123, #1847, #1836, .T. ) ;
#913 = CARTESIAN_POINT ( 'NONE',  ( -1.700825882866077610, -0.2500001604513261699, -0.2338630407226664210 ) ) ;
#914 = ADVANCED_FACE ( 'NONE', ( #421 ), #1371, .F. ) ;
#915 = ORIENTED_EDGE ( 'NONE', *, *, #1625, .T. ) ;
#916 = CARTESIAN_POINT ( 'NONE',  ( -1.991688369642999890, -0.2500001516265916157, -0.4357379430256608788 ) ) ;
#917 = COORDINATED_UNIVERSAL_TIME_OFFSET ( 5, 0, .BEHIND. ) ;
#918 = ORIENTED_EDGE ( 'NONE', *, *, #1153, .T. ) ;
#919 = CARTESIAN_POINT ( 'NONE',  ( -1.060671267460000067, -1.060701378469599998, -0.04992187054665186974 ) ) ;
#920 = EDGE_CURVE ( 'NONE', #1597, #494, #1502, .T. ) ;
#921 = ORIENTED_EDGE ( 'NONE', *, *, #85, .F. ) ;
#922 = B_SPLINE_CURVE_WITH_KNOTS ( 'NONE', 3,
 ( #324, #947, #454, #1221, #1698, #316, #1854, #1099, #290, #1555, #626, #1084, #2048, #1580, #1064, #280, #766, #1735 ),
 .UNSPECIFIED., .F., .F.,
 ( 4, 1, 1, 2, 2, 2, 1, 1, 2, 2, 4 ),
 ( 0.0000000000000000000, 0.06249999999999979183, 0.09374999999999969469, 0.1093749999999996669, 0.1249999999999996392, 0.2499999999999998335, 0.3124999999999998890, 0.3437499999999999445, 0.3593750000000000000, 0.3750000000000000555, 0.5000000000000000000 ),
 .UNSPECIFIED. ) ;
#923 = CARTESIAN_POINT ( 'NONE',  ( 1.060651532585371815, 0.1999600207400007434, -0.04987648674624599321 ) ) ;
#924 = DIRECTION ( 'NONE',  ( 0.0000000000000000000, -0.9999999999999991118, -4.371140915892995802E-08 ) ) ;
#925 = VECTOR ( 'NONE', #1472, 1000.000000000000114 ) ;
#926 = ORIENTED_EDGE ( 'NONE', *, *, #1916, .F. ) ;
#927 = VECTOR ( 'NONE', #34, 999.9999999999998863 ) ;
#928 = DIRECTION ( 'NONE',  ( -4.762238019982850051E-19, 3.599999242678743604E-05, -0.9999999993520003461 ) ) ;
#929 = VERTEX_POINT ( 'NONE', #913 ) ;
#930 = AXIS2_PLACEMENT_3D ( 'NONE', #1277, #1424, #1110 ) ;
#931 = EDGE_CURVE ( 'NONE', #21, #1847, #935, .T. ) ;
#932 = CARTESIAN_POINT ( 'NONE',  ( -0.6987899617452651979, -0.1830062233566886465, 0.6735388218188852472 ) ) ;
#933 = ORIENTED_EDGE ( 'NONE', *, *, #1137, .T. ) ;
#934 = LOCAL_TIME ( 2, 48, 26.00000000000000000, #97 ) ;
#935 = CIRCLE ( 'NONE', #240, 0.8748378593462691200 ) ;
#936 = AXIS2_PLACEMENT_3D ( 'NONE', #471, #1095, #1081 ) ;
#937 = DIRECTION ( 'NONE',  ( -7.433103253724117508E-16, -0.9961978350522835424, 0.08711987968967480067 ) ) ;
#938 = DIRECTION ( 'NONE',  ( 0.9991912389948803819, 1.757648729768913399E-09, -0.04021029614260274165 ) ) ;
#939 = ORIENTED_EDGE ( 'NONE', *, *, #547, .T. ) ;
#940 = LINE ( 'NONE', #1066, #1722 ) ;
#941 = VERTEX_POINT ( 'NONE', #1663 ) ;
#942 = CARTESIAN_POINT ( 'NONE',  ( -0.6987899618049860928, -6.602257595672874734E-05, 0.6735454077349932733 ) ) ;
#943 = EDGE_CURVE ( 'NONE', #851, #21, #477, .T. ) ;
#944 = CARTESIAN_POINT ( 'NONE',  ( 1.565143931463457427, 0.2499988640494194003, -0.7943781005768763004 ) ) ;
#945 = CALENDAR_DATE ( 2025, 18, 9 ) ;
#946 = CARTESIAN_POINT ( 'NONE',  ( -1.867507365918151807, -0.2500001455611748913, -0.3516006842521032238 ) ) ;
#947 = CARTESIAN_POINT ( 'NONE',  ( -0.9474596928100007531, 0.06011070925072239945, -0.04988152131991635541 ) ) ;
#948 = ORIENTED_EDGE ( 'NONE', *, *, #763, .F. ) ;
#949 = VERTEX_POINT ( 'NONE', #1660 ) ;
#950 = CARTESIAN_POINT ( 'NONE',  ( -9.867439985100572727E-06, -5.100520839068078000E-05, 0.2563961452301463662 ) ) ;
#951 = CARTESIAN_POINT ( 'NONE',  ( -9.867439984942368995E-06, 0.8832297414631287147, 0.2691921637169401582 ) ) ;
#952 = MECHANICAL_CONTEXT ( 'NONE', #395, 'mechanical' ) ;
#953 = EDGE_CURVE ( 'NONE', #84, #954, #525, .T. ) ;
#954 = VERTEX_POINT ( 'NONE', #1189 ) ;
#955 = LINE ( 'NONE', #1867, #74 ) ;
#956 = ORIENTED_EDGE ( 'NONE', *, *, #115, .F. ) ;
#957 = VECTOR ( 'NONE', #332, 1000.000000000000114 ) ;
#958 = DIRECTION ( 'NONE',  ( -4.762238019982850051E-19, 3.599999242678743604E-05, -0.9999999993520003461 ) ) ;
#959 = CARTESIAN_POINT ( 'NONE',  ( 0.8338052680692470409, 0.4521495104556250144, -0.04986740792603262112 ) ) ;
#960 = PERSON_AND_ORGANIZATION_ROLE ( 'creator' ) ;
#961 = AXIS2_PLACEMENT_3D ( 'NONE', #103, #741, #1419 ) ;
#962 = LOCAL_TIME ( 2, 48, 26.00000000000000000, #644 ) ;
#963 = DIRECTION ( 'NONE',  ( 0.0000000000000000000, -0.9999999999999991118, -4.371140915892995802E-08 ) ) ;
#964 = AXIS2_PLACEMENT_3D ( 'NONE', #827, #1607, #1931 ) ;
#965 = ORIENTED_EDGE ( 'NONE', *, *, #1314, .F. ) ;
#966 = ADVANCED_FACE ( 'NONE', ( #241 ), #873, .F. ) ;
#967 = CARTESIAN_POINT ( 'NONE',  ( 1.279691390440000909, 0.2499988620620000046, -0.7489060483020000270 ) ) ;
#968 = ORIENTED_EDGE ( 'NONE', *, *, #920, .T. ) ;
#969 = ADVANCED_FACE ( 'NONE', ( #89 ), #217, .T. ) ;
#970 = DIRECTION ( 'NONE',  ( 0.08682659386416033409, 0.08679086624841030051, 0.9924356342523169561 ) ) ;
#971 = FACE_OUTER_BOUND ( 'NONE', #1565, .T. ) ;
#972 = APPLICATION_PROTOCOL_DEFINITION ( 'international standard', 'config_control_design', 1994, #395 ) ;
#973 = LINE ( 'NONE', #837, #1448 ) ;
#974 = ORIENTED_EDGE ( 'NONE', *, *, #1087, .T. ) ;
#975 = FACE_OUTER_BOUND ( 'NONE', #308, .T. ) ;
#976 = ORIENTED_EDGE ( 'NONE', *, *, #148, .F. ) ;
#977 = CARTESIAN_POINT ( 'NONE',  ( -2.899999662232333186, 0.2499988402009999944, -0.04891763013103688634 ) ) ;
#978 = EDGE_CURVE ( 'NONE', #756, #1742, #307, .T. ) ;
#979 = PLANE ( 'NONE',  #474 ) ;
#980 = DIRECTION ( 'NONE',  ( 0.0000000000000000000, -0.08711987968967480067, -0.9961978350522835424 ) ) ;
#981 = PERSON_AND_ORGANIZATION ( #1235, #1093 ) ;
#982 = CARTESIAN_POINT ( 'NONE',  ( 1.992391211161999909, -0.2500001518423435320, -0.4308124459896609526 ) ) ;
#983 = ORIENTED_EDGE ( 'NONE', *, *, #1536, .F. ) ;
#984 = CARTESIAN_POINT ( 'NONE',  ( 1.060651532585372925, 1.060621420200646314, -0.04984550294236595597 ) ) ;
#985 = CARTESIAN_POINT ( 'NONE',  ( 1.857626593455459885, 0.2499988447518233237, -0.3528860821193046116 ) ) ;
#986 = AXIS2_PLACEMENT_3D ( 'NONE', #1665, #545, #1168 ) ;
#987 = CARTESIAN_POINT ( 'NONE',  ( -0.8975282158334636495, -4.168493001271311754E-05, -0.002500484529472716839 ) ) ;
#988 = ADVANCED_FACE ( 'NONE', ( #1012, #1934 ), #1308, .T. ) ;
#989 = AXIS2_PLACEMENT_3D ( 'NONE', #1444, #1778, #37 ) ;
#990 = DIRECTION ( 'NONE',  ( 0.0000000000000000000, -0.9999999999999991118, -4.371140915892995802E-08 ) ) ;
#991 = VECTOR ( 'NONE', #393, 999.9999999999998863 ) ;
#992 = EDGE_CURVE ( 'NONE', #1687, #1808, #1144, .T. ) ;
#993 = CARTESIAN_POINT ( 'NONE',  ( 1.149919886614916731, 0.2742974879585177161, -0.8992054656131209800 ) ) ;
#994 = CARTESIAN_POINT ( 'NONE',  ( 1.404536159460934464, 0.2499988591400963411, -0.6820552133492210345 ) ) ;
#995 = CC_DESIGN_APPROVAL ( #1155, ( #492 ) ) ;
#996 = AXIS2_PLACEMENT_3D ( 'NONE', #429, #1553, #1850 ) ;
#997 = DIRECTION ( 'NONE',  ( 0.5609150584877202750, 3.618751103751878754E-08, -0.8278733581664022845 ) ) ;
#998 = ORIENTED_EDGE ( 'NONE', *, *, #1608, .T. ) ;
#999 = DIRECTION ( 'NONE',  ( 0.0000000000000000000, -0.9999999993520002350, -3.599999242732000970E-05 ) ) ;
#1000 = CIRCLE ( 'NONE', #904, 0.7700000000000000178 ) ;
#1001 = DIRECTION ( 'NONE',  ( -0.9998476951563908255, -6.282864988352456618E-07, 0.01745240642599682132 ) ) ;
#1002 = CARTESIAN_POINT ( 'NONE',  ( 1.149983893720001316, 0.2742684918711486564, -0.8988741761751476433 ) ) ;
#1003 = ADVANCED_FACE ( 'NONE', ( #1158 ), #861, .F. ) ;
#1004 = CARTESIAN_POINT ( 'NONE',  ( -0.2495887855121113330, -0.9149658494428374311, -0.04991662406866811952 ) ) ;
#1005 = CARTESIAN_POINT ( 'NONE',  ( 0.9013595713118945918, -0.2923750321026908350, -0.04989421080394405156 ) ) ;
#1006 = ORIENTED_EDGE ( 'NONE', *, *, #466, .T. ) ;
#1007 = PLANE ( 'NONE',  #1690 ) ;
#1008 = CARTESIAN_POINT ( 'NONE',  ( -1.100009867436594346, 1.099990620150000042, -0.8998440862017019759 ) ) ;
#1009 = CARTESIAN_POINT ( 'NONE',  ( -1.150012616700537782, -0.2743747429600003063, -0.8998935633439905102 ) ) ;
#1010 = CARTESIAN_POINT ( 'NONE',  ( 1.760403476371031894, -0.8802585826885519493, 0.2815351298407016145 ) ) ;
#1011 = MECHANICAL_CONTEXT ( 'NONE', #2001, 'mechanical' ) ;
#1012 = FACE_BOUND ( 'NONE', #576, .T. ) ;
#1013 = ORIENTED_EDGE ( 'NONE', *, *, #453, .T. ) ;
#1014 = EDGE_CURVE ( 'NONE', #81, #1964, #1639, .T. ) ;
#1015 = ORIENTED_EDGE ( 'NONE', *, *, #1839, .T. ) ;
#1016 = ADVANCED_FACE ( 'NONE', ( #615 ), #1354, .T. ) ;
#1017 = CARTESIAN_POINT ( 'NONE',  ( 0.7031190809479519466, -0.1267945184252441959, 0.6639742713180013522 ) ) ;
#1018 = EDGE_LOOP ( 'NONE', ( #1027, #26, #1240, #3 ) ) ;
#1019 = DIRECTION ( 'NONE',  ( 0.0000000000000000000, 4.371140927515726471E-08, -0.9999999999999991118 ) ) ;
#1020 = VECTOR ( 'NONE', #674, 1000.000000000000000 ) ;
#1021 = FACE_OUTER_BOUND ( 'NONE', #1866, .T. ) ;
#1022 = COORDINATED_UNIVERSAL_TIME_OFFSET ( 5, 0, .BEHIND. ) ;
#1023 = AXIS2_PLACEMENT_3D ( 'NONE', #415, #225, #1019 ) ;
#1024 = ORIENTED_EDGE ( 'NONE', *, *, #1026, .F. ) ;
#1025 = VECTOR ( 'NONE', #1538, 1000.000000000000114 ) ;
#1026 = EDGE_CURVE ( 'NONE', #1909, #1417, #745, .T. ) ;
#1027 = ORIENTED_EDGE ( 'NONE', *, *, #763, .T. ) ;
#1028 = DIRECTION ( 'NONE',  ( 1.084202172460567358E-15, 0.9999999993520002350, 3.599999242379481443E-05 ) ) ;
#1029 = LOCAL_TIME ( 2, 48, 26.00000000000000000, #1455 ) ;
#1030 = CARTESIAN_POINT ( 'NONE',  ( -0.7031388158279274769, 0.1266631620685156889, 0.6639833957925740382 ) ) ;
#1031 = ORIENTED_EDGE ( 'NONE', *, *, #32, .F. ) ;
#1032 = DIRECTION ( 'NONE',  ( 0.0000000000000000000, 4.371140912027124196E-08, -0.9999999999999990008 ) ) ;
#1033 = DIRECTION ( 'NONE',  ( 0.05233595618319596826, -3.595065578582519938E-05, 0.9986295341105934087 ) ) ;
#1034 = CARTESIAN_POINT ( 'NONE',  ( -9.867439985109319189E-06, 0.8747855293370891960, 0.2931978223665731575 ) ) ;
#1035 = ORIENTED_EDGE ( 'NONE', *, *, #22, .T. ) ;
#1036 = CARTESIAN_POINT ( 'NONE',  ( 0.7393287325399998666, -1.060701378469999900, -0.04992187054661288703 ) ) ;
#1037 = CARTESIAN_POINT ( 'NONE',  ( -0.7031388158279272549, 0.2332172090147101584, 0.5953799407008337763 ) ) ;
#1038 = LINE ( 'NONE', #578, #1985 ) ;
#1039 = EDGE_CURVE ( 'NONE', #638, #414, #442, .T. ) ;
#1040 = COORDINATED_UNIVERSAL_TIME_OFFSET ( 5, 0, .BEHIND. ) ;
#1041 = CARTESIAN_POINT ( 'NONE',  ( 0.1486988539447095525, 0.9391534390119382625, -0.04984987578828115051 ) ) ;
#1042 = ORIENTED_EDGE ( 'NONE', *, *, #1437, .T. ) ;
#1043 = CARTESIAN_POINT ( 'NONE',  ( -9.867439985002183074E-06, -0.8748901873069975244, 0.2931348338360692529 ) ) ;
#1044 = CARTESIAN_POINT ( 'NONE',  ( 0.3873404870107260978, -0.7591592281453209967, 1.148130202576297165 ) ) ;
#1045 = ORIENTED_EDGE ( 'NONE', *, *, #1063, .F. ) ;
#1046 = CARTESIAN_POINT ( 'NONE',  ( 2.906981358530001280, 0.2499988402008248012, -0.2487698883020000307 ) ) ;
#1047 = APPROVAL_DATE_TIME ( #428, #1982 ) ;
#1048 = EDGE_CURVE ( 'NONE', #1115, #1323, #1397, .T. ) ;
#1049 = MANIFOLD_SOLID_BREP ( 'Imported1', #1253 ) ;
#1050 = CC_DESIGN_PERSON_AND_ORGANIZATION_ASSIGNMENT ( #1775, #1649, ( #668 ) ) ;
#1051 = VECTOR ( 'NONE', #1136, 1000.000000000000114 ) ;
#1052 = VERTEX_POINT ( 'NONE', #1863 ) ;
#1053 = DIRECTION ( 'NONE',  ( -0.4999999999999876210, 0.5000254555149875602, -0.7070887807319825580 ) ) ;
#1054 = AXIS2_PLACEMENT_3D ( 'NONE', #1453, #1800, #519 ) ;
#1055 = LINE ( 'NONE', #1837, #267 ) ;
#1056 = ORIENTED_EDGE ( 'NONE', *, *, #1536, .T. ) ;
#1057 = LINE ( 'NONE', #1341, #1852 ) ;
#1058 = DESIGN_CONTEXT ( 'detailed design', #1211, 'design' ) ;
#1059 = DATE_AND_TIME ( #1833, #705 ) ;
#1060 = ORIENTED_EDGE ( 'NONE', *, *, #99, .F. ) ;
#1061 = CARTESIAN_POINT ( 'NONE',  ( 1.701086740029460920, 0.2499988620620000046, -0.2367977208301572378 ) ) ;
#1062 = ORIENTED_EDGE ( 'NONE', *, *, #257, .F. ) ;
#1063 = EDGE_CURVE ( 'NONE', #343, #494, #1232, .T. ) ;
#1064 = CARTESIAN_POINT ( 'NONE',  ( -0.3627201504820617428, 0.8753527347394851610, -0.04985217261315331300 ) ) ;
#1065 = VERTEX_POINT ( 'NONE', #268 ) ;
#1066 = CARTESIAN_POINT ( 'NONE',  ( -2.899999661469999879, 0.2499988314650000154, -0.04891760830200000271 ) ) ;
#1067 = EDGE_LOOP ( 'NONE', ( #968, #1045, #1976, #1181 ) ) ;
#1068 = DIRECTION ( 'NONE',  ( -1.000000000000000000, -2.576241435490804160E-22, 7.156227712217740017E-18 ) ) ;
#1069 = CALENDAR_DATE ( 2025, 18, 9 ) ;
#1070 = ORIENTED_EDGE ( 'NONE', *, *, #953, .F. ) ;
#1071 = DIRECTION ( 'NONE',  ( -1.000000000000000000, -0.0000000000000000000, -0.0000000000000000000 ) ) ;
#1072 = DIRECTION ( 'NONE',  ( 0.0000000000000000000, 0.0000000000000000000, 1.000000000000000000 ) ) ;
#1073 = ORIENTED_EDGE ( 'NONE', *, *, #13, .F. ) ;
#1074 = EDGE_CURVE ( 'NONE', #447, #1434, #198, .T. ) ;
#1075 = CARTESIAN_POINT ( 'NONE',  ( -1.275698056813052705, -0.2500001291005001791, -0.9510892635175087761 ) ) ;
#1076 = ORIENTED_EDGE ( 'NONE', *, *, #351, .T. ) ;
#1077 = EDGE_CURVE ( 'NONE', #414, #279, #1895, .T. ) ;
#1078 = FACE_OUTER_BOUND ( 'NONE', #191, .T. ) ;
#1079 = DESIGN_CONTEXT ( 'detailed design', #368, 'design' ) ;
#1080 = ORIENTED_EDGE ( 'NONE', *, *, #1114, .T. ) ;
#1081 = DIRECTION ( 'NONE',  ( 0.0000000000000000000, -0.9999999999999991118, -4.371140915892995802E-08 ) ) ;
#1082 =( NAMED_UNIT ( * ) PLANE_ANGLE_UNIT ( ) SI_UNIT ( $, .RADIAN. ) );
#1083 = DIRECTION ( 'NONE',  ( 0.1045284632007676268, 0.0000000000000000000, -0.9945218953753033331 ) ) ;
#1084 = CARTESIAN_POINT ( 'NONE',  ( -0.4521993573178338388, 0.8337751558368809990, -0.04985366940567990957 ) ) ;
#1085 = ORIENTED_EDGE ( 'NONE', *, *, #992, .T. ) ;
#1086 = CIRCLE ( 'NONE', #1682, 0.3500000000000000333 ) ;
#1087 = EDGE_CURVE ( 'NONE', #222, #84, #1695, .T. ) ;
#1088 = VERTEX_POINT ( 'NONE', #602 ) ;
#1089 = VECTOR ( 'NONE', #1249, 1000.000000000000000 ) ;
#1090 = CARTESIAN_POINT ( 'NONE',  ( -1.766572280953475627, -0.8833326709056290582, 0.2691285674834313357 ) ) ;
#1091 = VECTOR ( 'NONE', #1582, 1000.000000000000000 ) ;
#1092 = ORIENTED_EDGE ( 'NONE', *, *, #1638, .F. ) ;
#1093 = ORGANIZATION ( 'UNSPECIFIED', 'UNSPECIFIED', '' ) ;
#1094 = VECTOR ( 'NONE', #131, 1000.000000000000114 ) ;
#1095 = DIRECTION ( 'NONE',  ( 0.0000000000000000000, -4.371140915892995802E-08, 0.9999999999999991118 ) ) ;
#1096 = PERSON_AND_ORGANIZATION ( #1235, #1093 ) ;
#1097 = AXIS2_PLACEMENT_3D ( 'NONE', #118, #1068, #2013 ) ;
#1098 = DIRECTION ( 'NONE',  ( 0.0000000000000000000, 0.08711987968967480067, 0.9961978350522835424 ) ) ;
#1099 = CARTESIAN_POINT ( 'NONE',  ( -0.8329807830355309139, 0.4700409507543270582, -0.04986676383431691562 ) ) ;
#1100 = ORIENTED_EDGE ( 'NONE', *, *, #1524, .T. ) ;
#1101 = CARTESIAN_POINT ( 'NONE',  ( 0.6987702269400205557, -6.602257595566921077E-05, 0.6735454077349979363 ) ) ;
#1102 = EDGE_LOOP ( 'NONE', ( #2044, #273, #1248, #1060 ) ) ;
#1103 = CYLINDRICAL_SURFACE ( 'NONE', #1259, 0.3500000000000000333 ) ;
#1104 = EDGE_CURVE ( 'NONE', #2007, #789, #1993, .T. ) ;
#1105 = CARTESIAN_POINT ( 'NONE',  ( 1.767890434950579959, 0.8838991454130683545, 0.2564279674538367804 ) ) ;
#1106 = CALENDAR_DATE ( 2025, 18, 9 ) ;
#1107 = EDGE_LOOP ( 'NONE', ( #1617, #1237, #160, #1971 ) ) ;
#1108 = LINE ( 'NONE', #327, #503 ) ;
#1109 = CARTESIAN_POINT ( 'NONE',  ( -9.867439985105160258E-06, -4.168493001090673507E-05, -0.002500484587096000588 ) ) ;
#1110 = DIRECTION ( 'NONE',  ( -4.747701729643637573E-38, 0.9999999993520003461, 3.599999241811457760E-05 ) ) ;
#1111 = EDGE_CURVE ( 'NONE', #1808, #1179, #2036, .T. ) ;
#1112 = PERSON_AND_ORGANIZATION ( #1235, #1093 ) ;
#1113 = CARTESIAN_POINT ( 'NONE',  ( 1.034373634919999896, -1.137804231000000055, -1.649924647286000079 ) ) ;
#1114 = EDGE_CURVE ( 'NONE', #571, #464, #2026, .T. ) ;
#1115 = VERTEX_POINT ( 'NONE', #624 ) ;
#1116 = AXIS2_PLACEMENT_3D ( 'NONE', #409, #924, #141 ) ;
#1117 = PLANE ( 'NONE',  #1886 ) ;
#1118 = VERTEX_POINT ( 'NONE', #585 ) ;
#1119 = CARTESIAN_POINT ( 'NONE',  ( -1.100009867439156519, -1.100009378429036788, -0.8999232861849665310 ) ) ;
#1120 = VECTOR ( 'NONE', #1140, 1000.000000000000227 ) ;
#1121 = FACE_OUTER_BOUND ( 'NONE', #1730, .T. ) ;
#1122 = SECURITY_CLASSIFICATION_LEVEL ( 'unclassified' ) ;
#1123 = APPROVAL_PERSON_ORGANIZATION ( #772, #1956, #1352 ) ;
#1124 = MANIFOLD_SOLID_BREP ( 'Imported1', #33 ) ;
#1125 = SHAPE_REPRESENTATION ( 'Free-Models', ( #1224 ), #666 ) ;
#1126 = VECTOR ( 'NONE', #124, 1000.000000000000114 ) ;
#1127 = ORIENTED_EDGE ( 'NONE', *, *, #550, .F. ) ;
#1128 = EDGE_CURVE ( 'NONE', #706, #603, #408, .T. ) ;
#1129 = DIRECTION ( 'NONE',  ( 0.0000000000000000000, 0.9999999993520002350, 3.599999242678728019E-05 ) ) ;
#1130 = DIRECTION ( 'NONE',  ( 0.03490189945060366561, 0.0000000000000000000, 0.9993907431103912220 ) ) ;
#1131 = LINE ( 'NONE', #358, #135 ) ;
#1132 = CARTESIAN_POINT ( 'NONE',  ( -9.867439985686043594E-06, -0.7841380140099242224, 0.2511343225358197428 ) ) ;
#1133 = DATE_AND_TIME ( #342, #1921 ) ;
#1134 = LINE ( 'NONE', #218, #1587 ) ;
#1135 = ORIENTED_EDGE ( 'NONE', *, *, #220, .T. ) ;
#1136 = DIRECTION ( 'NONE',  ( 0.5522855082758570955, -3.644023642180538421E-08, 0.8336550349805827986 ) ) ;
#1137 = EDGE_CURVE ( 'NONE', #1171, #2042, #584, .T. ) ;
#1138 = ORIENTED_EDGE ( 'NONE', *, *, #1486, .T. ) ;
#1139 = DIRECTION ( 'NONE',  ( 2.686129714937000970E-20, 3.599999242732001648E-05, -0.9999999993520003461 ) ) ;
#1140 = DIRECTION ( 'NONE',  ( 0.08682659386416101410, -0.08679086624831031105, -0.9924356342523256158 ) ) ;
#1141 = CARTESIAN_POINT ( 'NONE',  ( -1.210009867439999942, -1.100009378426145767, -0.8999232861846624409 ) ) ;
#1142 = EDGE_CURVE ( 'NONE', #291, #222, #806, .T. ) ;
#1143 = DIRECTION ( 'NONE',  ( -1.739434872972305656E-09, 0.9999999999999991118, 4.364208080378370337E-08 ) ) ;
#1144 = LINE ( 'NONE', #1944, #270 ) ;
#1145 = LINE ( 'NONE', #521, #927 ) ;
#1146 = ORIENTED_EDGE ( 'NONE', *, *, #797, .T. ) ;
#1147 = CARTESIAN_POINT ( 'NONE',  ( 0.9474399579381562742, -3.997913000857920390E-05, -0.04988368674466605451 ) ) ;
#1148 = DIRECTION ( 'NONE',  ( 1.000000000000000000, 0.0000000000000000000, 0.0000000000000000000 ) ) ;
#1149 = CARTESIAN_POINT ( 'NONE',  ( 1.137811985149999927, 1.034401122540000273, -1.649846447909671276 ) ) ;
#1150 = ADVANCED_FACE ( 'NONE', ( #156 ), #439, .F. ) ;
#1151 = LINE ( 'NONE', #662, #808 ) ;
#1152 = FACE_OUTER_BOUND ( 'NONE', #483, .T. ) ;
#1153 = EDGE_CURVE ( 'NONE', #538, #1889, #1884, .T. ) ;
#1154 = VECTOR ( 'NONE', #1767, 1000.000000000000114 ) ;
#1155 = APPROVAL ( #1177, 'UNSPECIFIED' ) ;
#1156 = CARTESIAN_POINT ( 'NONE',  ( 0.6987702269400205557, -6.602257595566921077E-05, 0.6735454077349979363 ) ) ;
#1157 = CIRCLE ( 'NONE', #266, 0.3499999999999999778 ) ;
#1158 = FACE_OUTER_BOUND ( 'NONE', #1702, .T. ) ;
#1159 = CYLINDRICAL_SURFACE ( 'NONE', #436, 0.1500000000000000500 ) ;
#1160 = ORIENTED_EDGE ( 'NONE', *, *, #189, .T. ) ;
#1161 = CC_DESIGN_APPROVAL ( #1956, ( #1626 ) ) ;
#1162 = AXIS2_PLACEMENT_3D ( 'NONE', #1527, #1053, #1856 ) ;
#1163 = CARTESIAN_POINT ( 'NONE',  ( 0.2370692828859227164, -0.9252481343407357173, -0.04991699423084682702 ) ) ;
#1164 = ORIENTED_EDGE ( 'NONE', *, *, #1712, .F. ) ;
#1165 = PLANE ( 'NONE',  #170 ) ;
#1166 = CARTESIAN_POINT ( 'NONE',  ( 1.565143936495015708, -0.2500001455995002342, -0.7943781148380099077 ) ) ;
#1167 = ORIENTED_EDGE ( 'NONE', *, *, #1511, .T. ) ;
#1168 = DIRECTION ( 'NONE',  ( 0.0000000000000000000, 4.371140912027124196E-08, -0.9999999999999990008 ) ) ;
#1169 = PERSON_AND_ORGANIZATION ( #1235, #1093 ) ;
#1170 = ADVANCED_FACE ( 'NONE', ( #971 ), #1900, .T. ) ;
#1171 = VERTEX_POINT ( 'NONE', #1732 ) ;
#1172 = LINE ( 'NONE', #977, #607 ) ;
#1173 = CARTESIAN_POINT ( 'NONE',  ( -9.867439985181889584E-06, -0.6988461165134673969, 0.6735202516505052195 ) ) ;
#1174 = EDGE_LOOP ( 'NONE', ( #648, #59, #1710, #1632 ) ) ;
#1175 = DIRECTION ( 'NONE',  ( 0.01738601487461514938, 0.08710671167228262179, 0.9960472615636375426 ) ) ;
#1176 = CARTESIAN_POINT ( 'NONE',  ( 1.264990132559999925, 1.060621420202583653, -0.04984550294160836059 ) ) ;
#1177 = APPROVAL_STATUS ( 'not_yet_approved' ) ;
#1178 = EDGE_CURVE ( 'NONE', #1909, #571, #1872, .T. ) ;
#1179 = VERTEX_POINT ( 'NONE', #944 ) ;
#1180 = PERSON_AND_ORGANIZATION_ROLE ( 'design_owner' ) ;
#1181 = ORIENTED_EDGE ( 'NONE', *, *, #1291, .T. ) ;
#1182 = DIRECTION ( 'NONE',  ( 0.1041350224315395895, -0.08671755966397644289, 0.9907754346718067318 ) ) ;
#1183 = CARTESIAN_POINT ( 'NONE',  ( 0.3873404870107270415, 0.4122745276457304153, 1.371415100031063039 ) ) ;
#1184 = EDGE_LOOP ( 'NONE', ( #802, #939, #1135, #253 ) ) ;
#1185 = DIRECTION ( 'NONE',  ( 1.756227189371923557E-09, 0.9999999999999991118, 4.364073358389320655E-08 ) ) ;
#1186 = CARTESIAN_POINT ( 'NONE',  ( 1.264990270029999975, -1.265009378320000044, -0.8999292261839999529 ) ) ;
#1187 = PERSON_AND_ORGANIZATION ( #1235, #1093 ) ;
#1188 = VECTOR ( 'NONE', #1977, 1000.000000000000000 ) ;
#1189 = CARTESIAN_POINT ( 'NONE',  ( 1.149987383298523458, 0.2743536952510406413, -0.8998476516230641264 ) ) ;
#1190 = ORIENTED_EDGE ( 'NONE', *, *, #322, .F. ) ;
#1191 = AXIS2_PLACEMENT_3D ( 'NONE', #1711, #1428, #489 ) ;
#1192 = ORIENTED_EDGE ( 'NONE', *, *, #126, .F. ) ;
#1193 = ADVANCED_FACE ( 'NONE', ( #149 ), #491, .T. ) ;
#1194 = CARTESIAN_POINT ( 'NONE',  ( -9.867439985100572727E-06, 0.8838991444589457958, 0.2564279674334234427 ) ) ;
#1195 = CC_DESIGN_SECURITY_CLASSIFICATION ( #1725, ( #1290 ) ) ;
#1196 = LINE ( 'NONE', #1691, #1025 ) ;
#1197 = AXIS2_PLACEMENT_3D ( 'NONE', #1576, #1601, #794 ) ;
#1198 = VERTEX_POINT ( 'NONE', #179 ) ;
#1199 = CYLINDRICAL_SURFACE ( 'NONE', #986, 0.3499999999999999778 ) ;
#1200 = LINE ( 'NONE', #438, #192 ) ;
#1201 = SECURITY_CLASSIFICATION_LEVEL ( 'unclassified' ) ;
#1202 = DIRECTION ( 'NONE',  ( -0.1041350224315701761, -0.08664622361964079145, -0.9907816757669832830 ) ) ;
#1203 = CARTESIAN_POINT ( 'NONE',  ( -0.7770969889029660793, -0.5491638340810542918, -0.04990345519887667142 ) ) ;
#1204 = ORIENTED_EDGE ( 'NONE', *, *, #1268, .F. ) ;
#1205 = CARTESIAN_POINT ( 'NONE',  ( -1.150009867441145195, 0.2743559846799995539, -0.8998738090418796354 ) ) ;
#1206 = EDGE_CURVE ( 'NONE', #1997, #1597, #672, .T. ) ;
#1207 = EDGE_LOOP ( 'NONE', ( #120, #1844, #1215, #678 ) ) ;
#1208 = LINE ( 'NONE', #1540, #1286 ) ;
#1209 = CALENDAR_DATE ( 2025, 18, 9 ) ;
#1210 = ADVANCED_FACE ( 'NONE', ( #1121 ), #1912, .F. ) ;
#1211 = APPLICATION_CONTEXT ( 'configuration controlled 3d designs of mechanical parts and assemblies' ) ;
#1212 = ORIENTED_EDGE ( 'NONE', *, *, #1063, .T. ) ;
#1213 = CARTESIAN_POINT ( 'NONE',  ( -1.135175811511541788, -0.2000399790100003405, -0.04989088674270270723 ) ) ;
#1214 = CARTESIAN_POINT ( 'NONE',  ( 0.7031190809479522796, 0.2332172090147177634, 0.5953799407008429911 ) ) ;
#1215 = ORIENTED_EDGE ( 'NONE', *, *, #690, .T. ) ;
#1216 = CARTESIAN_POINT ( 'NONE',  ( -9.867439985181889584E-06, -0.6988461165134673969, 0.6735202516505052195 ) ) ;
#1217 = PERSON_AND_ORGANIZATION_ROLE ( 'classification_officer' ) ;
#1218 = CARTESIAN_POINT ( 'NONE',  ( 0.7160906027576213750, 0.6238083739415020146, -0.04986122820824304136 ) ) ;
#1219 = VECTOR ( 'NONE', #1657, 1000.000000000000227 ) ;
#1220 = ORIENTED_EDGE ( 'NONE', *, *, #168, .T. ) ;
#1221 = CARTESIAN_POINT ( 'NONE',  ( -0.9148916000069714505, 0.2496506076957535070, -0.04987469788500323992 ) ) ;
#1222 = ORIENTED_EDGE ( 'NONE', *, *, #822, .T. ) ;
#1223 = DIRECTION ( 'NONE',  ( -7.461474065096195269E-16, -0.9999999993520002350, -3.599999242735331503E-05 ) ) ;
#1224 = AXIS2_PLACEMENT_3D ( 'NONE', #1937, #524, #1148 ) ;
#1225 = CARTESIAN_POINT ( 'NONE',  ( -0.3873602218907138961, -9.114534420311343546E-05, 1.371400254869941771 ) ) ;
#1226 = ORIENTED_EDGE ( 'NONE', *, *, #912, .F. ) ;
#1227 = LOCAL_TIME ( 2, 48, 26.00000000000000000, #600 ) ;
#1228 = APPROVAL_PERSON_ORGANIZATION ( #1578, #1440, #1289 ) ;
#1229 = DIRECTION ( 'NONE',  ( -6.814985084194598285E-15, 4.371140912027123534E-08, -0.9999999999999990008 ) ) ;
#1230 = PERSON_AND_ORGANIZATION_ROLE ( 'design_supplier' ) ;
#1231 = ORIENTED_EDGE ( 'NONE', *, *, #1381, .T. ) ;
#1232 = LINE ( 'NONE', #592, #1528 ) ;
#1233 = ADVANCED_FACE ( 'NONE', ( #652 ), #166, .T. ) ;
#1234 = CARTESIAN_POINT ( 'NONE',  ( 0.0000000000000000000, 0.0000000000000000000, 0.0000000000000000000 ) ) ;
#1235 = PERSON ( 'UNSPECIFIED', 'UNSPECIFIED', 'UNSPECIFIED', ('UNSPECIFIED'), ('UNSPECIFIED'), ('UNSPECIFIED') ) ;
#1236 = CC_DESIGN_PERSON_AND_ORGANIZATION_ASSIGNMENT ( #1264, #1758, ( #1290 ) ) ;
#1237 = ORIENTED_EDGE ( 'NONE', *, *, #1853, .F. ) ;
#1238 = CARTESIAN_POINT ( 'NONE',  ( -9.867439985100565951E-06, -4.168493167197541080E-05, -0.002500484582049515223 ) ) ;
#1239 = ORIENTED_EDGE ( 'NONE', *, *, #1664, .T. ) ;
#1240 = ORIENTED_EDGE ( 'NONE', *, *, #617, .F. ) ;
#1241 = DIRECTION ( 'NONE',  ( 0.1041350224315761019, 0.08671755965999651539, -0.9907754346721511229 ) ) ;
#1242 = PERSON_AND_ORGANIZATION ( #1235, #1093 ) ;
#1243 = VERTEX_POINT ( 'NONE', #30 ) ;
#1244 = ORIENTED_EDGE ( 'NONE', *, *, #189, .F. ) ;
#1245 = DIRECTION ( 'NONE',  ( 2.609279471323528607E-20, 3.599999242362048827E-05, -0.9999999993520003461 ) ) ;
#1246 = VERTEX_POINT ( 'NONE', #461 ) ;
#1247 = CARTESIAN_POINT ( 'NONE',  ( -1.766572280953474960, 0.8832297414631289367, 0.2691921637169401027 ) ) ;
#1248 = ORIENTED_EDGE ( 'NONE', *, *, #205, .T. ) ;
#1249 = DIRECTION ( 'NONE',  ( 1.000000000000000000, -9.670064939653127303E-25, 2.686129713196388819E-20 ) ) ;
#1250 = DATE_AND_TIME ( #1106, #505 ) ;
#1251 = LINE ( 'NONE', #1331, #829 ) ;
#1252 = DIRECTION ( 'NONE',  ( -0.0000000000000000000, 0.9999999999999991118, 4.371140915892995802E-08 ) ) ;
#1253 = CLOSED_SHELL ( 'NONE', ( #1257, #1877, #1150, #800, #1684, #1003, #1970, #231, #2010, #158, #1429, #346, #1270, #139, #528, #1801, #1825, #1913, #988, #757, #1357, #887, #773, #112, #2047, #726, #1998, #1674, #1653, #1233, #1849 ) ) ;
#1254 = ORIENTED_EDGE ( 'NONE', *, *, #1809, .T. ) ;
#1255 = CIRCLE ( 'NONE', #1520, 0.8975183486408415678 ) ;
#1256 = DIRECTION ( 'NONE',  ( -0.03490189945057483450, 4.368477755555685524E-08, -0.9993907431103913330 ) ) ;
#1257 = ADVANCED_FACE ( 'NONE', ( #301 ), #432, .T. ) ;
#1258 = ORIENTED_EDGE ( 'NONE', *, *, #1727, .F. ) ;
#1259 = AXIS2_PLACEMENT_3D ( 'NONE', #1869, #792, #1402 ) ;
#1260 = CIRCLE ( 'NONE', #1322, 0.8975183486408415678 ) ;
#1261 = EDGE_LOOP ( 'NONE', ( #261, #1961, #863, #735 ) ) ;
#1262 = ORGANIZATION ( 'NAUO-ORG2', 'UNSPECIFIED', 'UNSPECIFIED' ) ;
#1263 = DIRECTION ( 'NONE',  ( 0.0000000000000000000, -0.9999999999999991118, -4.371140915892995802E-08 ) ) ;
#1264 = PERSON_AND_ORGANIZATION ( #1235, #1093 ) ;
#1265 = DIRECTION ( 'NONE',  ( -0.0000000000000000000, 0.9999999999999991118, 4.371140915892995802E-08 ) ) ;
#1266 = VERTEX_POINT ( 'NONE', #1787 ) ;
#1267 = DIRECTION ( 'NONE',  ( -0.08715574269154720277, 0.0000000000000000000, 0.9961946980966545073 ) ) ;
#1268 = EDGE_CURVE ( 'NONE', #1118, #1847, #740, .T. ) ;
#1269 = DIRECTION ( 'NONE',  ( 7.461421452756461834E-16, 0.9999999993520002350, 3.599999242902760779E-05 ) ) ;
#1270 = ADVANCED_FACE ( 'NONE', ( #201 ), #548, .T. ) ;
#1271 = CARTESIAN_POINT ( 'NONE',  ( -9.867439984942921261E-06, 0.8801547599817177714, 0.2815985047077478876 ) ) ;
#1272 = APPROVAL_STATUS ( 'not_yet_approved' ) ;
#1273 = CARTESIAN_POINT ( 'NONE',  ( -0.2922731334433978367, -0.9014377919379761295, -0.04991613705870007883 ) ) ;
#1274 = ORIENTED_EDGE ( 'NONE', *, *, #85, .T. ) ;
#1275 = PLANE ( 'NONE',  #1191 ) ;
#1276 = DIRECTION ( 'NONE',  ( 0.0000000000000000000, 0.9999999993520002350, 3.599999243101966665E-05 ) ) ;
#1277 = CARTESIAN_POINT ( 'NONE',  ( -9.867439984892478755E-06, -4.177912962904829373E-05, 0.0001163132208594004120 ) ) ;
#1278 = APPROVAL_DATE_TIME ( #816, #574 ) ;
#1279 = EDGE_CURVE ( 'NONE', #1802, #279, #86, .T. ) ;
#1280 = B_SPLINE_CURVE_WITH_KNOTS ( 'NONE', 3,
 ( #2004, #599, #1978, #1666 ),
 .UNSPECIFIED., .F., .F.,
 ( 4, 4 ),
 ( 0.0000000000000000000, 1.000000000000000000 ),
 .UNSPECIFIED. ) ;
#1281 = CARTESIAN_POINT ( 'NONE',  ( -1.034393369791076100, -1.034365880829953177, -1.649920923506133619 ) ) ;
#1282 = ORIENTED_EDGE ( 'NONE', *, *, #386, .T. ) ;
#1283 = DIRECTION ( 'NONE',  ( -7.028942763551112665E-16, 0.4200704552176212636, -0.9074914945349408235 ) ) ;
#1284 = CIRCLE ( 'NONE', #230, 0.3499999999999999778 ) ;
#1285 = DIRECTION ( 'NONE',  ( -1.899414209961936887E-13, 0.9999999999999991118, 4.371140915808801389E-08 ) ) ;
#1286 = VECTOR ( 'NONE', #1351, 1000.000000000000114 ) ;
#1287 = AXIS2_PLACEMENT_3D ( 'NONE', #1238, #1245, #779 ) ;
#1288 = FACE_OUTER_BOUND ( 'NONE', #1672, .T. ) ;
#1289 = APPROVAL_ROLE ( '' ) ;
#1290 = PRODUCT_DEFINITION_FORMATION_WITH_SPECIFIED_SOURCE ( 'ANY', '', #1469, .NOT_KNOWN. ) ;
#1291 = EDGE_CURVE ( 'NONE', #1930, #1597, #1968, .T. ) ;
#1292 = CARTESIAN_POINT ( 'NONE',  ( -0.3335949279992493910, -0.8869623480184825048, -0.04991561594282824255 ) ) ;
#1293 = VECTOR ( 'NONE', #1984, 1000.000000000000114 ) ;
#1294 = EDGE_LOOP ( 'NONE', ( #1492, #455, #1377 ) ) ;
#1295 = CARTESIAN_POINT ( 'NONE',  ( -9.867439985105160258E-06, -4.168493001090673507E-05, -0.002500484587096000588 ) ) ;
#1296 = LINE ( 'NONE', #1008, #1120 ) ;
#1297 = CARTESIAN_POINT ( 'NONE',  ( -0.6234802672851407213, 0.3646878638240746429, 0.6735585388018900943 ) ) ;
#1298 = FACE_OUTER_BOUND ( 'NONE', #146, .T. ) ;
#1299 = ORIENTED_EDGE ( 'NONE', *, *, #1111, .T. ) ;
#1300 = EDGE_CURVE ( 'NONE', #1699, #526, #1766, .T. ) ;
#1301 = CARTESIAN_POINT ( 'NONE',  ( 0.3789920201823524515, -0.8685372111327142042, -0.04991495263803946703 ) ) ;
#1302 = ORIENTED_EDGE ( 'NONE', *, *, #1142, .F. ) ;
#1303 = LINE ( 'NONE', #552, #2030 ) ;
#1304 = CARTESIAN_POINT ( 'NONE',  ( -1.154476797440000091, -0.1525078490400000042, -0.9423891761649999532 ) ) ;
#1305 = LINE ( 'NONE', #1874, #925 ) ;
#1306 = CARTESIAN_POINT ( 'NONE',  ( 1.264990270029999975, -1.150009378400000060, -0.8999250861848709926 ) ) ;
#1307 = COORDINATED_UNIVERSAL_TIME_OFFSET ( 5, 0, .BEHIND. ) ;
#1308 = PLANE ( 'NONE',  #669 ) ;
#1309 = CARTESIAN_POINT ( 'NONE',  ( -2.899999662232280340, -0.2500001685350001779, -0.04891763013104168112 ) ) ;
#1310 = ORIENTED_EDGE ( 'NONE', *, *, #32, .T. ) ;
#1311 = DIRECTION ( 'NONE',  ( -0.0000000000000000000, 0.9999999999999991118, 4.371140915892995802E-08 ) ) ;
#1312 = ORIENTED_EDGE ( 'NONE', *, *, #246, .T. ) ;
#1313 = DIRECTION ( 'NONE',  ( 2.609279471323528607E-20, 3.599999242362048827E-05, -0.9999999993520003461 ) ) ;
#1314 = EDGE_CURVE ( 'NONE', #155, #104, #553, .T. ) ;
#1315 = CARTESIAN_POINT ( 'NONE',  ( -1.270670507985999897, -0.2500001379380000777, -0.7489060701576608636 ) ) ;
#1316 = ORIENTED_EDGE ( 'NONE', *, *, #1300, .T. ) ;
#1317 = LINE ( 'NONE', #1799, #736 ) ;
#1318 = CARTESIAN_POINT ( 'NONE',  ( -9.867439985100999632E-06, -5.437913000605000183E-05, 0.3501163129970000232 ) ) ;
#1319 = APPROVAL_STATUS ( 'not_yet_approved' ) ;
#1320 = AXIS2_PLACEMENT_3D ( 'NONE', #499, #643, #18 ) ;
#1321 = DIRECTION ( 'NONE',  ( -0.04021029614297455534, 4.367605707571406669E-08, -0.9991912389948645057 ) ) ;
#1322 = AXIS2_PLACEMENT_3D ( 'NONE', #1109, #958, #172 ) ;
#1323 = VERTEX_POINT ( 'NONE', #352 ) ;
#1324 = PRODUCT_DEFINITION_SHAPE ( 'NONE', 'NONE',  #492 ) ;
#1325 = LOCAL_TIME ( 2, 48, 26.00000000000000000, #1368 ) ;
#1326 = LINE ( 'NONE', #967, #570 ) ;
#1327 = ORIENTED_EDGE ( 'NONE', *, *, #1938, .F. ) ;
#1328 = FACE_OUTER_BOUND ( 'NONE', #1294, .T. ) ;
#1329 = FACE_OUTER_BOUND ( 'NONE', #1804, .T. ) ;
#1330 = ORIENTED_EDGE ( 'NONE', *, *, #822, .F. ) ;
#1331 = CARTESIAN_POINT ( 'NONE',  ( -1.056204200000000037, 0.1999600207404587104, -0.04987648674571959484 ) ) ;
#1332 = EDGE_CURVE ( 'NONE', #1266, #949, #1806, .T. ) ;
#1333 = APPROVAL_STATUS ( 'not_yet_approved' ) ;
#1334 = EDGE_CURVE ( 'NONE', #1630, #538, #359, .T. ) ;
#1335 = ORIENTED_EDGE ( 'NONE', *, *, #978, .F. ) ;
#1336 =( NAMED_UNIT ( * ) SI_UNIT ( $, .STERADIAN. ) SOLID_ANGLE_UNIT ( ) );
#1337 = ORIENTED_EDGE ( 'NONE', *, *, #45, .F. ) ;
#1338 = DIRECTION ( 'NONE',  ( 0.9993907431103905559, -1.525611207310596443E-09, 0.03490189945062365656 ) ) ;
#1339 = CARTESIAN_POINT ( 'NONE',  ( -0.3873602218907141737, -0.4124568183340381333, 1.371385409708827385 ) ) ;
#1340 = ORIENTED_EDGE ( 'NONE', *, *, #334, .F. ) ;
#1341 = CARTESIAN_POINT ( 'NONE',  ( -26152.32990534810597, 17.96392061291484410, -498999.0585163219366 ) ) ;
#1342 = PERSON_AND_ORGANIZATION ( #1235, #1093 ) ;
#1343 = DIRECTION ( 'NONE',  ( -2.686129714937000368E-20, -3.599999242732001648E-05, 0.9999999993520003461 ) ) ;
#1344 = ADVANCED_FACE ( 'NONE', ( #1288 ), #1611, .T. ) ;
#1345 = VERTEX_POINT ( 'NONE', #226 ) ;
#1346 = VERTEX_POINT ( 'NONE', #1156 ) ;
#1347 = FACE_OUTER_BOUND ( 'NONE', #1067, .T. ) ;
#1348 = CARTESIAN_POINT ( 'NONE',  ( -0.3873602218907145067, -0.7591592281453158897, 1.148130202576292502 ) ) ;
#1349 = ORIENTED_EDGE ( 'NONE', *, *, #569, .F. ) ;
#1350 = LINE ( 'NONE', #1009, #1353 ) ;
#1351 = DIRECTION ( 'NONE',  ( -0.9993908373345392615, 1.525493240362277637E-09, -0.03489920130559586581 ) ) ;
#1352 = APPROVAL_ROLE ( '' ) ;
#1353 = VECTOR ( 'NONE', #1175, 1000.000000000000114 ) ;
#1354 = PLANE ( 'NONE',  #1457 ) ;
#1355 = DIRECTION ( 'NONE',  ( 7.905866786887109315E-16, 0.9999999993520002350, 3.599999266426994149E-05 ) ) ;
#1356 = VECTOR ( 'NONE', #1071, 1000.000000000000000 ) ;
#1357 = ADVANCED_FACE ( 'NONE', ( #1021 ), #556, .T. ) ;
#1358 = AXIS2_PLACEMENT_3D ( 'NONE', #1445, #671, #1769 ) ;
#1359 = LINE ( 'NONE', #1205, #616 ) ;
#1360 = LOCAL_TIME ( 2, 48, 26.00000000000000000, #582 ) ;
#1361 = AXIS2_PLACEMENT_3D ( 'NONE', #211, #382, #702 ) ;
#1362 = PRODUCT_DEFINITION_SHAPE ( 'NONE', 'NONE',  #1972 ) ;
#1363 = CARTESIAN_POINT ( 'NONE',  ( 0.3873404870107263753, -0.4124568183340412975, 1.371385409708833825 ) ) ;
#1364 = VECTOR ( 'NONE', #815, 1000.000000000000000 ) ;
#1365 = VERTEX_POINT ( 'NONE', #54 ) ;
#1366 = DIRECTION ( 'NONE',  ( 0.0000000000000000000, 4.371140912027123534E-08, -0.9999999999999990008 ) ) ;
#1367 = DIRECTION ( 'NONE',  ( 2.891205793294676650E-15, 4.371140927515723162E-08, -0.9999999999999991118 ) ) ;
#1368 = COORDINATED_UNIVERSAL_TIME_OFFSET ( 5, 0, .BEHIND. ) ;
#1369 = CARTESIAN_POINT ( 'NONE',  ( 0.3205883557708105180, 0.8916440887049860153, -0.04985158612453353955 ) ) ;
#1370 = CARTESIAN_POINT ( 'NONE',  ( -0.9252856721781511640, -0.2369485233261820201, -0.04989221545004651759 ) ) ;
#1371 = CYLINDRICAL_SURFACE ( 'NONE', #1393, 0.1499999999999999944 ) ;
#1372 = EDGE_CURVE ( 'NONE', #1532, #760, #696, .T. ) ;
#1373 = ORIENTED_EDGE ( 'NONE', *, *, #733, .T. ) ;
#1374 = DATE_TIME_ROLE ( 'classification_date' ) ;
#1375 = VERTEX_POINT ( 'NONE', #1658 ) ;
#1376 = CARTESIAN_POINT ( 'NONE',  ( 0.0000000000000000000, 0.0000000000000000000, 0.0000000000000000000 ) ) ;
#1377 = ORIENTED_EDGE ( 'NONE', *, *, #171, .F. ) ;
#1378 = DIRECTION ( 'NONE',  ( -0.0000000000000000000, 0.9999999999999991118, 4.371140915892995802E-08 ) ) ;
#1379 = CARTESIAN_POINT ( 'NONE',  ( 0.3873404870107259867, -0.9297972103981447800, 0.7727262501551411811 ) ) ;
#1380 = ORIENTED_EDGE ( 'NONE', *, *, #587, .T. ) ;
#1381 = EDGE_CURVE ( 'NONE', #155, #1346, #1000, .T. ) ;
#1382 = DIRECTION ( 'NONE',  ( -0.7930626113550783840, 0.06365067245096819870, 0.6058054855869196009 ) ) ;
#1383 = VERTEX_POINT ( 'NONE', #274 ) ;
#1384 = APPLICATION_CONTEXT ( 'configuration controlled 3d designs of mechanical parts and assemblies' ) ;
#1385 = VECTOR ( 'NONE', #1451, 1000.000000000000000 ) ;
#1386 = DIRECTION ( 'NONE',  ( -2.012541444399069876E-08, 0.9999999999999996669, 1.333282266533407887E-08 ) ) ;
#1387 = VECTOR ( 'NONE', #27, 1000.000000000000114 ) ;
#1388 = CARTESIAN_POINT ( 'NONE',  ( -9.867439985100572727E-06, -5.100520839068078000E-05, 0.2563961452301463662 ) ) ;
#1389 = ORIENTED_EDGE ( 'NONE', *, *, #236, .F. ) ;
#1390 = VECTOR ( 'NONE', #1285, 999.9999999999998863 ) ;
#1391 = ORIENTED_EDGE ( 'NONE', *, *, #546, .T. ) ;
#1392 = SECURITY_CLASSIFICATION ( '', '', #732 ) ;
#1393 = AXIS2_PLACEMENT_3D ( 'NONE', #1688, #1678, #272 ) ;
#1394 = DIRECTION ( 'NONE',  ( -7.461589892717078984E-16, -0.9999999993520002350, -3.599999242520220371E-05 ) ) ;
#1395 = PERSON_AND_ORGANIZATION_ROLE ( 'classification_officer' ) ;
#1396 = EDGE_CURVE ( 'NONE', #712, #320, #1680, .T. ) ;
#1397 = LINE ( 'NONE', #1061, #1094 ) ;
#1398 = MECHANICAL_CONTEXT ( 'NONE', #122, 'mechanical' ) ;
#1399 = ORIENTED_EDGE ( 'NONE', *, *, #1566, .F. ) ;
#1400 = CARTESIAN_POINT ( 'NONE',  ( 1.976701067615018514, -0.2500001589896667653, -0.2858479309544765812 ) ) ;
#1401 = ORIENTED_EDGE ( 'NONE', *, *, #1418, .T. ) ;
#1402 = DIRECTION ( 'NONE',  ( 0.0000000000000000000, 4.371140912027123534E-08, -0.9999999999999990008 ) ) ;
#1403 = ORIENTED_EDGE ( 'NONE', *, *, #797, .F. ) ;
#1404 = CARTESIAN_POINT ( 'NONE',  ( -1.985656825221031818, 0.2499988418215914054, -0.2858592353207912162 ) ) ;
#1405 = PERSON_AND_ORGANIZATION_ROLE ( 'creator' ) ;
#1406 = CARTESIAN_POINT ( 'NONE',  ( 1.209990132559999987, 1.031121647660000251, -1.687346565994999992 ) ) ;
#1407 = EDGE_CURVE ( 'NONE', #1171, #447, #699, .T. ) ;
#1408 = CARTESIAN_POINT ( 'NONE',  ( 1.279691390440000021, 0.2499988555052886086, -0.5989060483020000047 ) ) ;
#1409 = ORIENTED_EDGE ( 'NONE', *, *, #679, .T. ) ;
#1410 = DIRECTION ( 'NONE',  ( -0.9961946980917510963, 3.137606079452215181E-06, -0.08715574269111821260 ) ) ;
#1411 = ORIENTED_EDGE ( 'NONE', *, *, #912, .T. ) ;
#1412 = CARTESIAN_POINT ( 'NONE',  ( 1.034373634922222784, 1.034401122540001161, -1.649846447909194547 ) ) ;
#1413 = CONTEXT_DEPENDENT_SHAPE_REPRESENTATION ( #719, #879 ) ;
#1414 = CARTESIAN_POINT ( 'NONE',  ( 0.7770772540271926321, 0.5490838758210672133, -0.04986391828961125872 ) ) ;
#1415 = DATE_AND_TIME ( #1439, #579 ) ;
#1416 = PLANE ( 'NONE',  #396 ) ;
#1417 = VERTEX_POINT ( 'NONE', #286 ) ;
#1418 = EDGE_CURVE ( 'NONE', #571, #72, #365, .T. ) ;
#1419 = DIRECTION ( 'NONE',  ( 0.0000000000000000000, 4.371140915892995802E-08, -0.9999999999999991118 ) ) ;
#1420 = CIRCLE ( 'NONE', #536, 0.8839501502407101086 ) ;
#1421 = CC_DESIGN_PERSON_AND_ORGANIZATION_ASSIGNMENT ( #1169, #860, ( #404 ) ) ;
#1422 = CARTESIAN_POINT ( 'NONE',  ( 1.149990132560605227, 1.149990620111091877, -0.8998422862018936597 ) ) ;
#1423 = AXIS2_PLACEMENT_3D ( 'NONE', #362, #1820, #883 ) ;
#1424 = DIRECTION ( 'NONE',  ( -7.156227716854974108E-18, 3.599999241811457760E-05, -0.9999999993520003461 ) ) ;
#1425 = PERSON_AND_ORGANIZATION ( #1235, #1093 ) ;
#1426 = DIRECTION ( 'NONE',  ( 1.524563994040483795E-09, 0.9999999999999991118, 4.365817066227841280E-08 ) ) ;
#1427 = ORIENTED_EDGE ( 'NONE', *, *, #2039, .F. ) ;
#1428 = DIRECTION ( 'NONE',  ( 7.433056431394968361E-16, 0.9961915598401298588, 0.08719160569280136330 ) ) ;
#1429 = ADVANCED_FACE ( 'NONE', ( #888, #1548 ), #909, .F. ) ;
#1430 = CARTESIAN_POINT ( 'NONE',  ( -9.867439985001576598E-06, -0.8802585826885510611, 0.2815351298407018366 ) ) ;
#1431 = CARTESIAN_POINT ( 'NONE',  ( 0.9474399579381562742, -3.997913000857920390E-05, -0.04988368674466605451 ) ) ;
#1432 = DATE_TIME_ROLE ( 'creation_date' ) ;
#1433 = CARTESIAN_POINT ( 'NONE',  ( -1.985656825660074842, -0.2500001581780004201, -0.2858592571584678832 ) ) ;
#1434 = VERTEX_POINT ( 'NONE', #1703 ) ;
#1435 = CARTESIAN_POINT ( 'NONE',  ( -1.154476797440000091, 1.197492150079999984, -0.9423405761749999998 ) ) ;
#1436 = DIRECTION ( 'NONE',  ( -0.1039620511846247736, 0.1039976598902810356, -0.9891291011040119763 ) ) ;
#1437 = EDGE_CURVE ( 'NONE', #1882, #1692, #1208, .T. ) ;
#1438 = DIRECTION ( 'NONE',  ( -7.745335004623954998E-16, 3.599999242730455304E-05, -0.9999999993520003461 ) ) ;
#1439 = CALENDAR_DATE ( 2025, 18, 9 ) ;
#1440 = APPROVAL ( #1272, 'UNSPECIFIED' ) ;
#1441 = DIRECTION ( 'NONE',  ( -7.420626347894024300E-16, -0.9945256577477352700, 0.1044926604189722052 ) ) ;
#1442 = ORIENTED_EDGE ( 'NONE', *, *, #1114, .F. ) ;
#1443 = AXIS2_PLACEMENT_3D ( 'NONE', #1942, #1887, #184 ) ;
#1444 = CARTESIAN_POINT ( 'NONE',  ( 1.273364674252000173, -0.2500001443994123718, -0.6010781869416608192 ) ) ;
#1445 = CARTESIAN_POINT ( 'NONE',  ( -9.867439984892478755E-06, -4.177912962904829373E-05, 0.0001163132208594004120 ) ) ;
#1446 = ORIENTED_EDGE ( 'NONE', *, *, #1291, .F. ) ;
#1447 = FACE_OUTER_BOUND ( 'NONE', #1501, .T. ) ;
#1448 = VECTOR ( 'NONE', #850, 1000.000000000000114 ) ;
#1449 = DIRECTION ( 'NONE',  ( 0.0000000000000000000, 0.9999999993520003461, 3.599999242730454627E-05 ) ) ;
#1450 = AXIS2_PLACEMENT_3D ( 'NONE', #782, #1911, #297 ) ;
#1451 = DIRECTION ( 'NONE',  ( -1.000000000000000000, 7.404748080771062844E-16, 6.481001254585314134E-17 ) ) ;
#1452 = VECTOR ( 'NONE', #1436, 1000.000000000000227 ) ;
#1453 = CARTESIAN_POINT ( 'NONE',  ( 1.264990132559999925, 1.154459080110000091, -0.9423421253649999496 ) ) ;
#1454 = ADVANCED_FACE ( 'NONE', ( #581 ), #720, .F. ) ;
#1455 = COORDINATED_UNIVERSAL_TIME_OFFSET ( 5, 0, .BEHIND. ) ;
#1456 = APPROVAL_PERSON_ORGANIZATION ( #713, #574, #302 ) ;
#1457 = AXIS2_PLACEMENT_3D ( 'NONE', #1533, #1543, #1842 ) ;
#1458 = APPROVAL ( #1676, 'UNSPECIFIED' ) ;
#1459 = ORIENTED_EDGE ( 'NONE', *, *, #376, .T. ) ;
#1460 = DIRECTION ( 'NONE',  ( 0.1045284632007676268, 0.0000000000000000000, 0.9945218953753033331 ) ) ;
#1461 = FACE_OUTER_BOUND ( 'NONE', #66, .T. ) ;
#1462 = PLANE ( 'NONE',  #838 ) ;
#1463 = LINE ( 'NONE', #510, #1480 ) ;
#1464 = CARTESIAN_POINT ( 'NONE',  ( -0.3647637540757072139, 0.6234043768645194383, 0.6735678525944064354 ) ) ;
#1465 = LINE ( 'NONE', #654, #830 ) ;
#1466 = DIRECTION ( 'NONE',  ( -0.9945218953682619656, -3.763023885334992154E-06, 0.1045284632000275521 ) ) ;
#1467 = ORIENTED_EDGE ( 'NONE', *, *, #558, .T. ) ;
#1468 = CARTESIAN_POINT ( 'NONE',  ( -9.867439985100565951E-06, -4.168493167197541080E-05, -0.002500484582049515223 ) ) ;
#1469 = PRODUCT ( 'User Library-VSMY2850RG', 'User Library-VSMY2850RG', '', ( #1398 ) ) ;
#1470 = CARTESIAN_POINT ( 'NONE',  ( 1.982674848703000148, -0.2500001516278233527, -0.4357289302156608923 ) ) ;
#1471 = VERTEX_POINT ( 'NONE', #255 ) ;
#1472 = DIRECTION ( 'NONE',  ( 0.03490189945062364962, 0.0000000000000000000, -0.9993907431103904448 ) ) ;
#1473 = CARTESIAN_POINT ( 'NONE',  ( 1.273364674252000173, 0.2499988556000000139, -0.6010781650859999825 ) ) ;
#1474 = CARTESIAN_POINT ( 'NONE',  ( -1.394641270460999172, 0.2499988591970552787, -0.6833527773760000867 ) ) ;
#1475 = EDGE_LOOP ( 'NONE', ( #1220, #208, #767 ) ) ;
#1476 = CARTESIAN_POINT ( 'NONE',  ( 0.9474399579399999105, -0.06019066750910540692, -0.04988585216857151228 ) ) ;
#1477 = EDGE_CURVE ( 'NONE', #2018, #1246, #405, .T. ) ;
#1478 = VERTEX_POINT ( 'NONE', #1989 ) ;
#1479 = LINE ( 'NONE', #51, #16 ) ;
#1480 = VECTOR ( 'NONE', #1922, 1000.000000000000114 ) ;
#1481 = SHAPE_REPRESENTATION ( 'User Library-VSMY2850RG', ( #109, #370, #1525 ), #906 ) ;
#1482 = DIRECTION ( 'NONE',  ( 0.1045284632007676268, 0.0000000000000000000, 0.9945218953753033331 ) ) ;
#1483 = AXIS2_PLACEMENT_3D ( 'NONE', #1408, #1265, #165 ) ;
#1484 = ORIENTED_EDGE ( 'NONE', *, *, #1077, .F. ) ;
#1485 = CARTESIAN_POINT ( 'NONE',  ( 1.273364674252000173, 0.2499988556000068418, -0.6010781650859999825 ) ) ;
#1486 = EDGE_CURVE ( 'NONE', #100, #1679, #1057, .T. ) ;
#1487 = CARTESIAN_POINT ( 'NONE',  ( -9.867439984943886878E-06, 0.8747855297538491559, 0.2931978225605942345 ) ) ;
#1488 = PERSON_AND_ORGANIZATION_ROLE ( 'design_owner' ) ;
#1489 =( GEOMETRIC_REPRESENTATION_CONTEXT ( 3 ) GLOBAL_UNCERTAINTY_ASSIGNED_CONTEXT ( ( #1518 ) ) GLOBAL_UNIT_ASSIGNED_CONTEXT ( ( #431, #288, #1336 ) ) REPRESENTATION_CONTEXT ( 'NONE', 'WORKASPACE' ) );
#1490 = CARTESIAN_POINT ( 'NONE',  ( 1.248685225410000266, -1.166767518409999926, -0.04992568892685000231 ) ) ;
#1491 = LOCAL_TIME ( 2, 48, 26.00000000000000000, #2045 ) ;
#1492 = ORIENTED_EDGE ( 'NONE', *, *, #1731, .T. ) ;
#1493 = AXIS2_PLACEMENT_3D ( 'NONE', #101, #400, #739 ) ;
#1494 =( NAMED_UNIT ( * ) SI_UNIT ( $, .STERADIAN. ) SOLID_ANGLE_UNIT ( ) );
#1495 = ORIENTED_EDGE ( 'NONE', *, *, #569, .T. ) ;
#1496 = CARTESIAN_POINT ( 'NONE',  ( 2.900001438530002140, -0.2500001676000001560, -0.04890493015772048868 ) ) ;
#1497 = CARTESIAN_POINT ( 'NONE',  ( 0.3873404870107272635, 0.7589930109299338756, 1.148184856045349589 ) ) ;
#1498 = ORIENTED_EDGE ( 'NONE', *, *, #1712, .T. ) ;
#1499 = DIRECTION ( 'NONE',  ( 0.5629781938240095984, 0.0000000000000000000, -0.8264717498370141024 ) ) ;
#1500 = CALENDAR_DATE ( 2025, 18, 9 ) ;
#1501 = EDGE_LOOP ( 'NONE', ( #299, #976, #1070, #857 ) ) ;
#1502 = LINE ( 'NONE', #262, #1923 ) ;
#1503 = CARTESIAN_POINT ( 'NONE',  ( -0.7031388158279276990, -0.2333436256475037718, 0.5953631445143369172 ) ) ;
#1504 = DIRECTION ( 'NONE',  ( -0.1041350224315358702, 0.08664622362338915418, 0.9907816757666590979 ) ) ;
#1505 = DIRECTION ( 'NONE',  ( 0.0000000000000000000, -0.9999999999999991118, -4.371140915892995802E-08 ) ) ;
#1506 = PERSON_AND_ORGANIZATION ( #1235, #1093 ) ;
#1507 = EDGE_CURVE ( 'NONE', #1652, #1375, #1280, .T. ) ;
#1508 = CARTESIAN_POINT ( 'NONE',  ( 1.404536159461221789, 0.2499988591395671256, -0.6820552133491476487 ) ) ;
#1509 = CARTESIAN_POINT ( 'NONE',  ( -0.5776535161184732647, -0.7621878607567810215, -0.04991112406222879966 ) ) ;
#1510 = ORIENTED_EDGE ( 'NONE', *, *, #1891, .T. ) ;
#1511 = EDGE_CURVE ( 'NONE', #494, #1882, #761, .T. ) ;
#1512 = ORIENTED_EDGE ( 'NONE', *, *, #637, .T. ) ;
#1513 = FACE_OUTER_BOUND ( 'NONE', #1207, .T. ) ;
#1514 = PLANE ( 'NONE',  #961 ) ;
#1515 = ORIENTED_EDGE ( 'NONE', *, *, #71, .T. ) ;
#1516 = FACE_OUTER_BOUND ( 'NONE', #1917, .T. ) ;
#1517 = CARTESIAN_POINT ( 'NONE',  ( 1.088701569419999959, -1.088741807667892969, -0.3168011535522213817 ) ) ;
#1518 = UNCERTAINTY_MEASURE_WITH_UNIT (LENGTH_MEASURE( 1.000000000000000082E-05 ), #431, 'distance_accuracy_value', 'NONE');
#1519 = DATE_AND_TIME ( #899, #1994 ) ;
#1520 = AXIS2_PLACEMENT_3D ( 'NONE', #1295, #337, #1129 ) ;
#1521 = EDGE_CURVE ( 'NONE', #1246, #397, #1530, .T. ) ;
#1522 = CARTESIAN_POINT ( 'NONE',  ( 0.2495690506325692060, 0.9148858911828333662, -0.04985074941981978286 ) ) ;
#1523 = VECTOR ( 'NONE', #1774, 1000.000000000000114 ) ;
#1524 = EDGE_CURVE ( 'NONE', #789, #1802, #1200, .T. ) ;
#1525 = AXIS2_PLACEMENT_3D ( 'NONE', #1651, #1707, #1696 ) ;
#1526 = ORIENTED_EDGE ( 'NONE', *, *, #1279, .F. ) ;
#1527 = CARTESIAN_POINT ( 'NONE',  ( 1.274864681289999968, -0.9214493592100000408, -0.3301390447029999842 ) ) ;
#1528 = VECTOR ( 'NONE', #764, 1000.000000000000000 ) ;
#1529 = EDGE_LOOP ( 'NONE', ( #90, #1373, #232, #1871 ) ) ;
#1530 = LINE ( 'NONE', #2022, #1824 ) ;
#1531 = PERSON_AND_ORGANIZATION ( #2008, #1262 ) ;
#1532 = VERTEX_POINT ( 'NONE', #590 ) ;
#1533 = CARTESIAN_POINT ( 'NONE',  ( -1.461330961470000078, 0.2499988708999999754, -0.9510900483020000573 ) ) ;
#1534 =( LENGTH_UNIT ( ) NAMED_UNIT ( * ) SI_UNIT ( .MILLI., .METRE. ) );
#1535 = ORIENTED_EDGE ( 'NONE', *, *, #1372, .T. ) ;
#1536 = EDGE_CURVE ( 'NONE', #2035, #538, #1816, .T. ) ;
#1537 = CARTESIAN_POINT ( 'NONE',  ( -9.867439985101001326E-06, -5.232893572278476279E-05, 0.2931663282102797696 ) ) ;
#1538 = DIRECTION ( 'NONE',  ( -0.0000000000000000000, 0.9999999993520002350, 3.599999242732000970E-05 ) ) ;
#1539 = ORIENTED_EDGE ( 'NONE', *, *, #1048, .T. ) ;
#1540 = CARTESIAN_POINT ( 'NONE',  ( 2.900001438530001696, 0.2499988314644449039, -0.04890490830199999833 ) ) ;
#1541 = DESIGN_CONTEXT ( 'detailed design', #1384, 'design' ) ;
#1542 = EDGE_LOOP ( 'NONE', ( #1226, #568, #460, #113, #698 ) ) ;
#1543 = DIRECTION ( 'NONE',  ( -0.8278733581661460450, 2.451838762498432143E-08, -0.5609150584880989721 ) ) ;
#1544 = ORIENTED_EDGE ( 'NONE', *, *, #547, .F. ) ;
#1545 = EDGE_CURVE ( 'NONE', #1910, #1243, #1783, .T. ) ;
#1546 = FACE_OUTER_BOUND ( 'NONE', #229, .T. ) ;
#1547 = ORIENTED_EDGE ( 'NONE', *, *, #168, .F. ) ;
#1548 = FACE_OUTER_BOUND ( 'NONE', #271, .T. ) ;
#1549 = CALENDAR_DATE ( 2025, 18, 9 ) ;
#1550 = ORIENTED_EDGE ( 'NONE', *, *, #920, .F. ) ;
#1551 = VECTOR ( 'NONE', #786, 1000.000000000000114 ) ;
#1552 = SHAPE_REPRESENTATION ( 'Fillet001', ( #1224 ), #1489 ) ;
#1553 = DIRECTION ( 'NONE',  ( -0.0000000000000000000, 0.9999999999999991118, 4.371140915892995802E-08 ) ) ;
#1554 = DIRECTION ( 'NONE',  ( 0.0000000000000000000, 0.0000000000000000000, 1.000000000000000000 ) ) ;
#1555 = CARTESIAN_POINT ( 'NONE',  ( -0.6238582209142226054, 0.7160604906022446370, -0.04985790713273968028 ) ) ;
#1556 = VECTOR ( 'NONE', #247, 1000.000000000000114 ) ;
#1557 = B_SPLINE_CURVE_WITH_KNOTS ( 'NONE', 3,
 ( #178, #1646, #383, #1619, #1951, #1173 ),
 .UNSPECIFIED., .F., .F.,
 ( 4, 2, 4 ),
 ( 0.0000000000000000000, 0.5000000000000000000, 1.000000000000000000 ),
 .UNSPECIFIED. ) ;
#1558 = ORIENTED_EDGE ( 'NONE', *, *, #1731, .F. ) ;
#1559 = TOROIDAL_SURFACE ( 'NONE', #1358, 0.9474498253700150974, 0.04999999999487685781 ) ;
#1560 = CARTESIAN_POINT ( 'NONE',  ( -1.700825882865935723, 0.2499988395491122839, -0.2338630188670095533 ) ) ;
#1561 = ORIENTED_EDGE ( 'NONE', *, *, #1668, .F. ) ;
#1562 = LOCAL_TIME ( 2, 48, 26.00000000000000000, #1022 ) ;
#1563 = AXIS2_PLACEMENT_3D ( 'NONE', #55, #1960, #676 ) ;
#1564 = CARTESIAN_POINT ( 'NONE',  ( -1.760423211251001874, 0.8801547599817183265, 0.2815985047077479431 ) ) ;
#1565 = EDGE_LOOP ( 'NONE', ( #355, #1100, #402, #667 ) ) ;
#1566 = EDGE_CURVE ( 'NONE', #123, #155, #821, .T. ) ;
#1567 = CARTESIAN_POINT ( 'NONE',  ( -9.867439984942248717E-06, 0.8838991454130685765, 0.2564279674538367804 ) ) ;
#1568 = APPLICATION_PROTOCOL_DEFINITION ( 'international standard', 'config_control_design', 1994, #122 ) ;
#1569 = CARTESIAN_POINT ( 'NONE',  ( 1.209990132559999987, 1.099990620148080911, -0.8998440862018322051 ) ) ;
#1570 = LINE ( 'NONE', #787, #663 ) ;
#1571 = ORIENTED_EDGE ( 'NONE', *, *, #1026, .T. ) ;
#1572 = LINE ( 'NONE', #919, #1091 ) ;
#1573 = EDGE_LOOP ( 'NONE', ( #2020, #727, #738, #1204, #425 ) ) ;
#1574 = CARTESIAN_POINT ( 'NONE',  ( -9.867439985001229315E-06, -0.8833326709056287251, 0.2691285674834313357 ) ) ;
#1575 = ORIENTED_EDGE ( 'NONE', *, *, #866, .F. ) ;
#1576 = CARTESIAN_POINT ( 'NONE',  ( -2.899999661469999879, 0.2499988314650000154, -0.04891760830200000271 ) ) ;
#1577 = EDGE_CURVE ( 'NONE', #343, #1930, #310, .T. ) ;
#1578 = PERSON_AND_ORGANIZATION ( #1235, #1093 ) ;
#1579 = LINE ( 'NONE', #157, #639 ) ;
#1580 = CARTESIAN_POINT ( 'NONE',  ( -0.3790117550614648390, 0.8684572528727165786, -0.04985242085044843535 ) ) ;
#1581 = ADVANCED_FACE ( 'NONE', ( #1078 ), #804, .T. ) ;
#1582 = DIRECTION ( 'NONE',  ( -0.1039620511892007382, -0.1039264423419280631, -0.9891365863694882021 ) ) ;
#1583 = CARTESIAN_POINT ( 'NONE',  ( 1.976701067180545834, 0.2499988418212786834, -0.2858479091162549057 ) ) ;
#1584 = CARTESIAN_POINT ( 'NONE',  ( 1.766552546073505647, 0.8832297414631284926, 0.2691921637169401582 ) ) ;
#1585 = CALENDAR_DATE ( 2025, 18, 9 ) ;
#1586 = VERTEX_POINT ( 'NONE', #496 ) ;
#1587 = VECTOR ( 'NONE', #46, 1000.000000000000000 ) ;
#1588 = APPROVAL ( #591, 'UNSPECIFIED' ) ;
#1589 = ORIENTED_EDGE ( 'NONE', *, *, #312, .F. ) ;
#1590 = VECTOR ( 'NONE', #1648, 1000.000000000000000 ) ;
#1591 = CARTESIAN_POINT ( 'NONE',  ( -1.760423211251002318, -0.8802585826885512832, 0.2815351298407018366 ) ) ;
#1592 = CIRCLE ( 'NONE', #1919, 0.1500000000000000500 ) ;
#1593 = LOCAL_TIME ( 2, 48, 26.00000000000000000, #1963 ) ;
#1594 = CARTESIAN_POINT ( 'NONE',  ( 1.248685225410000266, 0.1999600207400003271, -0.04987648674575850816 ) ) ;
#1595 = APPROVAL_DATE_TIME ( #1133, #1880 ) ;
#1596 = CARTESIAN_POINT ( 'NONE',  ( -0.1487185888244772491, -0.9392333972719376645, -0.04991749770020676574 ) ) ;
#1597 = VERTEX_POINT ( 'NONE', #1583 ) ;
#1598 = ADVANCED_FACE ( 'NONE', ( #2043 ), #1103, .T. ) ;
#1599 = CARTESIAN_POINT ( 'NONE',  ( 1.149987383300000054, -0.2742872902991813633, -0.8988935601960714727 ) ) ;
#1600 = CC_DESIGN_PERSON_AND_ORGANIZATION_ASSIGNMENT ( #31, #960, ( #1290 ) ) ;
#1601 = DIRECTION ( 'NONE',  ( 0.03489920130553395700, -4.368478180039990908E-08, 0.9993908373345404828 ) ) ;
#1602 = PERSON_AND_ORGANIZATION ( #1235, #1093 ) ;
#1603 = DIRECTION ( 'NONE',  ( 0.8336550349806446381, 2.414117782477970867E-08, -0.5522855082757646139 ) ) ;
#1604 = ORIENTED_EDGE ( 'NONE', *, *, #784, .F. ) ;
#1605 = DIRECTION ( 'NONE',  ( 0.5629781938240095984, 0.0000000000000000000, -0.8264717498370141024 ) ) ;
#1606 = ORIENTED_EDGE ( 'NONE', *, *, #220, .F. ) ;
#1607 = DIRECTION ( 'NONE',  ( 0.9998476951563908255, -6.282865003273457615E-07, 0.01745240642599682132 ) ) ;
#1608 = EDGE_CURVE ( 'NONE', #1345, #391, #1744, .T. ) ;
#1609 = DIRECTION ( 'NONE',  ( -0.01738601488154768726, 0.08710671167845125684, 0.9960472615629770710 ) ) ;
#1610 = DIRECTION ( 'NONE',  ( -0.0000000000000000000, 0.9999999999999991118, 4.371140915892995802E-08 ) ) ;
#1611 = CYLINDRICAL_SURFACE ( 'NONE', #844, 0.3500000000000000333 ) ;
#1612 = APPROVAL_STATUS ( 'not_yet_approved' ) ;
#1613 = DIRECTION ( 'NONE',  ( -0.0000000000000000000, 0.9999999993520002350, 3.599999242732000970E-05 ) ) ;
#1614 = ORIENTED_EDGE ( 'NONE', *, *, #637, .F. ) ;
#1615 = LINE ( 'NONE', #209, #1813 ) ;
#1616 =( NAMED_UNIT ( * ) PLANE_ANGLE_UNIT ( ) SI_UNIT ( $, .RADIAN. ) );
#1617 = ORIENTED_EDGE ( 'NONE', *, *, #322, .T. ) ;
#1618 = LINE ( 'NONE', #194, #1995 ) ;
#1619 = CARTESIAN_POINT ( 'NONE',  ( 0.3647440191981141666, -0.6235364220205155128, 0.6735229627350601822 ) ) ;
#1620 = VECTOR ( 'NONE', #900, 1000.000000000000114 ) ;
#1621 = DIRECTION ( 'NONE',  ( 0.0000000000000000000, -0.9999999993520002350, -3.599999242732000970E-05 ) ) ;
#1622 = AXIS2_PLACEMENT_3D ( 'NONE', #828, #868, #1449 ) ;
#1623 = DIRECTION ( 'NONE',  ( 0.0000000000000000000, 4.371140912027123534E-08, -0.9999999999999990008 ) ) ;
#1624 = DATE_TIME_ROLE ( 'classification_date' ) ;
#1625 = EDGE_CURVE ( 'NONE', #1692, #1323, #1157, .T. ) ;
#1626 = SECURITY_CLASSIFICATION ( '', '', #1201 ) ;
#1627 = AXIS2_PLACEMENT_3D ( 'NONE', #258, #2016, #98 ) ;
#1628 = CARTESIAN_POINT ( 'NONE',  ( 1.149953634955981352, 0.2743255916042594555, -0.8995265586182158435 ) ) ;
#1629 = CARTESIAN_POINT ( 'NONE',  ( 1.248685225410000266, -0.2000399790099998687, -0.04989088674272976892 ) ) ;
#1630 = VERTEX_POINT ( 'NONE', #1119 ) ;
#1631 = CARTESIAN_POINT ( 'NONE',  ( 0.8916584372849248874, -0.3206780838874387918, -0.04989522971359462711 ) ) ;
#1632 = ORIENTED_EDGE ( 'NONE', *, *, #1545, .T. ) ;
#1633 = FACE_OUTER_BOUND ( 'NONE', #134, .T. ) ;
#1634 = DIRECTION ( 'NONE',  ( 0.0000000000000000000, -0.9999999999999991118, -4.371140915892995802E-08 ) ) ;
#1635 = CARTESIAN_POINT ( 'NONE',  ( 1.149987383297046639, 0.2743536952500005288, -0.8998476516233103739 ) ) ;
#1636 = CARTESIAN_POINT ( 'NONE',  ( -9.867439985542173354E-06, -0.8802585826885511722, 0.2815351298407016145 ) ) ;
#1637 = APPROVAL_DATE_TIME ( #216, #49 ) ;
#1638 = EDGE_CURVE ( 'NONE', #1679, #851, #1420, .T. ) ;
#1639 = LINE ( 'NONE', #1474, #1822 ) ;
#1640 = CARTESIAN_POINT ( 'NONE',  ( -1.461330971619039909, -0.2500001358180000688, -0.9510900551783527668 ) ) ;
#1641 = VERTEX_POINT ( 'NONE', #1422 ) ;
#1642 = CARTESIAN_POINT ( 'NONE',  ( 0.1201213472428879492, -0.9474225454786806555, -0.04991779250948038399 ) ) ;
#1643 = CC_DESIGN_PERSON_AND_ORGANIZATION_ASSIGNMENT ( #981, #500, ( #1725 ) ) ;
#1644 = DIRECTION ( 'NONE',  ( 0.0000000000000000000, 0.9999999993520002350, 3.599999242362047472E-05 ) ) ;
#1645 = PRODUCT ( 'Free-Models', 'Free-Models', '', ( #1011 ) ) ;
#1646 = CARTESIAN_POINT ( 'NONE',  ( 0.6987702268666385885, -0.1830062233524122894, 0.6735388218188859133 ) ) ;
#1647 = CARTESIAN_POINT ( 'NONE',  ( -1.275698056812999193, 0.2499988709001934040, -0.9510892416620003731 ) ) ;
#1648 = DIRECTION ( 'NONE',  ( 1.000000000000000000, 0.0000000000000000000, 0.0000000000000000000 ) ) ;
#1649 = PERSON_AND_ORGANIZATION_ROLE ( 'classification_officer' ) ;
#1650 = ORIENTED_EDGE ( 'NONE', *, *, #1372, .F. ) ;
#1651 = CARTESIAN_POINT ( 'NONE',  ( 0.0000000000000000000, 0.0000000000000000000, 0.0000000000000000000 ) ) ;
#1652 = VERTEX_POINT ( 'NONE', #2033 ) ;
#1653 = ADVANCED_FACE ( 'NONE', ( #319 ), #781, .T. ) ;
#1654 = CARTESIAN_POINT ( 'NONE',  ( -0.7031388158279274769, -6.567817837605813638E-05, 0.6639788335552818666 ) ) ;
#1655 = CIRCLE ( 'NONE', #1023, 0.1499999999999999944 ) ;
#1656 = VERTEX_POINT ( 'NONE', #1729 ) ;
#1657 = DIRECTION ( 'NONE',  ( 0.01738601488156304303, 0.08717842684032298117, -0.9960409872993101210 ) ) ;
#1658 = CARTESIAN_POINT ( 'NONE',  ( 1.149983893719666694, -0.2742873221309359844, -0.8988939241808259206 ) ) ;
#1659 = VECTOR ( 'NONE', #1609, 1000.000000000000227 ) ;
#1660 = CARTESIAN_POINT ( 'NONE',  ( -1.150012273042777755, 0.2743559846814208614, -0.8998738090419274860 ) ) ;
#1661 = CC_DESIGN_APPROVAL ( #1880, ( #1725 ) ) ;
#1662 = EDGE_LOOP ( 'NONE', ( #1212, #1167, #609, #627 ) ) ;
#1663 = CARTESIAN_POINT ( 'NONE',  ( -1.977876274470895979, 0.2499988328724382092, -0.08111859365148835210 ) ) ;
#1664 = EDGE_CURVE ( 'NONE', #1118, #1679, #1685, .T. ) ;
#1665 = CARTESIAN_POINT ( 'NONE',  ( 1.992391211161999909, 0.2499988481580000255, -0.4308124241340000604 ) ) ;
#1666 = CARTESIAN_POINT ( 'NONE',  ( 1.149983893719666694, -0.2742873221309359844, -0.8988939241808259206 ) ) ;
#1667 = DATE_AND_TIME ( #1549, #934 ) ;
#1668 = EDGE_CURVE ( 'NONE', #1434, #1742, #1260, .T. ) ;
#1669 = DIRECTION ( 'NONE',  ( 0.0000000000000000000, -0.9999999999999991118, -4.371140915892995802E-08 ) ) ;
#1670 = LINE ( 'NONE', #1213, #42 ) ;
#1671 = FACE_OUTER_BOUND ( 'NONE', #691, .T. ) ;
#1672 = EDGE_LOOP ( 'NONE', ( #219, #1160, #14, #1282 ) ) ;
#1673 = DIRECTION ( 'NONE',  ( 0.0000000000000000000, 0.08719160569280134943, -0.9961915598401297478 ) ) ;
#1674 = ADVANCED_FACE ( 'NONE', ( #814 ), #441, .T. ) ;
#1675 = DIRECTION ( 'NONE',  ( 0.0000000000000000000, -0.9999999999999991118, -4.371140915892995802E-08 ) ) ;
#1676 = APPROVAL_STATUS ( 'not_yet_approved' ) ;
#1677 = ORIENTED_EDGE ( 'NONE', *, *, #1334, .T. ) ;
#1678 = DIRECTION ( 'NONE',  ( 0.0000000000000000000, -0.9999999999999991118, -4.371140915892995802E-08 ) ) ;
#1679 = VERTEX_POINT ( 'NONE', #390 ) ;
#1680 = LINE ( 'NONE', #753, #1996 ) ;
#1681 = APPROVAL_ROLE ( '' ) ;
#1682 = AXIS2_PLACEMENT_3D ( 'NONE', #982, #1776, #665 ) ;
#1683 = CARTESIAN_POINT ( 'NONE',  ( -1.991688369642999890, 0.2499988483727581534, -0.4357379211699999866 ) ) ;
#1684 = ADVANCED_FACE ( 'NONE', ( #183 ), #39, .T. ) ;
#1685 = CIRCLE ( 'NONE', #805, 0.8839501502431539315 ) ;
#1686 = VECTOR ( 'NONE', #29, 1000.000000000000000 ) ;
#1687 = VERTEX_POINT ( 'NONE', #1932 ) ;
#1688 = CARTESIAN_POINT ( 'NONE',  ( -1.270670507985999897, 0.2499988555049999783, -0.5989060483020000047 ) ) ;
#1689 = CC_DESIGN_SECURITY_CLASSIFICATION ( #809, ( #269 ) ) ;
#1690 = AXIS2_PLACEMENT_3D ( 'NONE', #843, #539, #1965 ) ;
#1691 = CARTESIAN_POINT ( 'NONE',  ( 1.149990132559999934, -1.265009378320000044, -0.8999292261839999529 ) ) ;
#1692 = VERTEX_POINT ( 'NONE', #509 ) ;
#1693 = DIRECTION ( 'NONE',  ( -2.686129714937000368E-20, -3.599999242732001648E-05, 0.9999999993520003461 ) ) ;
#1694 = SHAPE_DEFINITION_REPRESENTATION ( #1324, #1125 ) ;
#1695 = LINE ( 'NONE', #923, #647 ) ;
#1696 = DIRECTION ( 'NONE',  ( 1.000000000000000000, 0.0000000000000000000, 0.0000000000000000000 ) ) ;
#1697 = EDGE_CURVE ( 'NONE', #851, #447, #529, .T. ) ;
#1698 = CARTESIAN_POINT ( 'NONE',  ( -0.9013793061844379562, 0.2922950738440528440, -0.04987316268454383000 ) ) ;
#1699 = VERTEX_POINT ( 'NONE', #673 ) ;
#1700 = EDGE_CURVE ( 'NONE', #1910, #1088, #40, .T. ) ;
#1701 = CARTESIAN_POINT ( 'NONE',  ( -9.867439985105160258E-06, -4.168493001090673507E-05, -0.002500484587096000588 ) ) ;
#1702 = EDGE_LOOP ( 'NONE', ( #1893, #983, #1403, #865 ) ) ;
#1703 = CARTESIAN_POINT ( 'NONE',  ( 0.8975084809563402821, -4.168493084212236525E-05, -0.002500484557832342684 ) ) ;
#1704 = UNCERTAINTY_MEASURE_WITH_UNIT (LENGTH_MEASURE( 1.000000000000000082E-05 ), #1534, 'distance_accuracy_value', 'NONE');
#1705 = DATE_AND_TIME ( #1069, #877 ) ;
#1706 = DIRECTION ( 'NONE',  ( 2.891205793294677439E-15, 4.371140927515725147E-08, -0.9999999999999991118 ) ) ;
#1707 = DIRECTION ( 'NONE',  ( 0.0000000000000000000, 0.0000000000000000000, 1.000000000000000000 ) ) ;
#1708 = ORIENTED_EDGE ( 'NONE', *, *, #24, .F. ) ;
#1709 =( BOUNDED_SURFACE ( )  B_SPLINE_SURFACE ( 3, 3, ( 
 ( #2000, #1503, #1975, #401 ),
 ( #1986, #1348, #1339, #1225 ),
 ( #1379, #1044, #1363, #563 ),
 ( #596, #1859, #1017, #435 ) ),
 .UNSPECIFIED., .F., .F., .T. ) 
 B_SPLINE_SURFACE_WITH_KNOTS ( ( 4, 4 ),
 ( 4, 4 ),
 ( 0.0000000000000000000, 1.000000000000000000 ),
 ( 0.0000000000000000000, 1.000000000000000000 ),
 .UNSPECIFIED. ) 
 GEOMETRIC_REPRESENTATION_ITEM ( )  RATIONAL_B_SPLINE_SURFACE ( (
 ( 1.000000000000000000, 0.8938559782533257447, 0.8938559782533257447, 1.000000000000000000),
 ( 0.6050757755512298219, 0.5408505992727342671, 0.5408505992727342671, 0.6050757755512298219),
 ( 0.6050757755512298219, 0.5408505992727342671, 0.5408505992727342671, 0.6050757755512298219),
 ( 1.000000000000000000, 0.8938559782533257447, 0.8938559782533257447, 1.000000000000000000) ) ) 
 REPRESENTATION_ITEM ( '' )  SURFACE ( )  );
#1710 = ORIENTED_EDGE ( 'NONE', *, *, #1700, .F. ) ;
#1711 = CARTESIAN_POINT ( 'NONE',  ( -1.056204200000000037, 0.2780757828800000109, -0.9423736751569999903 ) ) ;
#1712 = EDGE_CURVE ( 'NONE', #162, #2035, #1296, .T. ) ;
#1713 = ORIENTED_EDGE ( 'NONE', *, *, #558, .F. ) ;
#1714 = PRODUCT_RELATED_PRODUCT_CATEGORY ( 'detail', '', ( #1645 ) ) ;
#1715 = CARTESIAN_POINT ( 'NONE',  ( -1.767910169830550604, -0.8840011558318969787, 0.2563643230563384945 ) ) ;
#1716 = EDGE_LOOP ( 'NONE', ( #965, #1231, #926 ) ) ;
#1717 = AXIS2_PLACEMENT_3D ( 'NONE', #1406, #2046, #1098 ) ;
#1718 = VECTOR ( 'NONE', #1926, 1000.000000000000000 ) ;
#1719 = DIRECTION ( 'NONE',  ( -5.413837024275206446E-14, -0.9999999993520002350, -3.599999192007184235E-05 ) ) ;
#1720 = LINE ( 'NONE', #306, #902 ) ;
#1721 = ORIENTED_EDGE ( 'NONE', *, *, #833, .T. ) ;
#1722 = VECTOR ( 'NONE', #1256, 999.9999999999998863 ) ;
#1723 = DIRECTION ( 'NONE',  ( 0.05233595618319597520, 3.595065559235298766E-05, -0.9986295341105934087 ) ) ;
#1724 = ORIENTED_EDGE ( 'NONE', *, *, #1891, .F. ) ;
#1725 = SECURITY_CLASSIFICATION ( '', '', #1122 ) ;
#1726 = CONICAL_SURFACE ( 'NONE', #78, 0.8975183476690486994, 0.05235987751191580053 ) ;
#1727 = EDGE_CURVE ( 'NONE', #941, #318, #1797, .T. ) ;
#1728 = VECTOR ( 'NONE', #783, 1000.000000000000000 ) ;
#1729 = CARTESIAN_POINT ( 'NONE',  ( -1.977876274851996241, -0.2500001678315001974, -0.08111861549370760760 ) ) ;
#1730 = EDGE_LOOP ( 'NONE', ( #488, #277, #2032, #515, #714, #144, #1550, #2017, #458, #1244, #1794, #1939, #1190, #1024, #1777, #281, #1258, #1073, #182, #410 ) ) ;
#1731 = EDGE_CURVE ( 'NONE', #1375, #320, #1772, .T. ) ;
#1732 = CARTESIAN_POINT ( 'NONE',  ( -9.867439985001076849E-06, 0.9474098456315449557, -0.04984957855639628871 ) ) ;
#1733 = PERSON_AND_ORGANIZATION ( #1235, #1093 ) ;
#1734 = CARTESIAN_POINT ( 'NONE',  ( -0.9474596928081566727, -3.997913000831031499E-05, -0.04988368674371707751 ) ) ;
#1735 = CARTESIAN_POINT ( 'NONE',  ( -9.867439985001076849E-06, 0.9474098456315449557, -0.04984957855639628871 ) ) ;
#1736 = ORIENTED_EDGE ( 'NONE', *, *, #71, .F. ) ;
#1737 = CARTESIAN_POINT ( 'NONE',  ( 1.031092810040000085, -1.209981028360000099, -1.687427245674000043 ) ) ;
#1738 = CARTESIAN_POINT ( 'NONE',  ( 1.767890434950579293, -0.8840011558318976448, 0.2563643230563383835 ) ) ;
#1739 = COORDINATED_UNIVERSAL_TIME_OFFSET ( 5, 0, .BEHIND. ) ;
#1740 = EDGE_CURVE ( 'NONE', #1997, #1687, #357, .T. ) ;
#1741 = CARTESIAN_POINT ( 'NONE',  ( -1.265009867440000102, -1.154474778390000012, -0.9424252469670000298 ) ) ;
#1742 = VERTEX_POINT ( 'NONE', #845 ) ;
#1743 = CARTESIAN_POINT ( 'NONE',  ( 0.1829303334557254856, 0.6987140712743499238, 0.6735705637428360815 ) ) ;
#1744 = LINE ( 'NONE', #1412, #834 ) ;
#1745 = CARTESIAN_POINT ( 'NONE',  ( 1.760403476371032117, 0.8801547599817174383, 0.2815985047077478876 ) ) ;
#1746 = PERSON_AND_ORGANIZATION_ROLE ( 'creator' ) ;
#1747 = EDGE_CURVE ( 'NONE', #1346, #123, #1557, .T. ) ;
#1748 = LINE ( 'NONE', #1309, #803 ) ;
#1749 = VECTOR ( 'NONE', #1780, 1000.000000000000000 ) ;
#1750 = ORIENTED_EDGE ( 'NONE', *, *, #1077, .T. ) ;
#1751 = CARTESIAN_POINT ( 'NONE',  ( -1.867507365917999484, 0.2499988446957028543, -0.3516006623960000743 ) ) ;
#1752 = EDGE_LOOP ( 'NONE', ( #1768, #1092, #1855, #725, #770 ) ) ;
#1753 = CARTESIAN_POINT ( 'NONE',  ( 1.992391211161999909, 0.2499988481576736199, -0.4308124241340000604 ) ) ;
#1754 = CC_DESIGN_SECURITY_CLASSIFICATION ( #668, ( #404 ) ) ;
#1755 = B_SPLINE_CURVE_WITH_KNOTS ( 'NONE', 3,
 ( #1147, #1476, #1918, #864, #1005, #1631, #1929, #514, #1947, #842, #680, #48, #537, #1301, #366, #1163, #1642, #523 ),
 .UNSPECIFIED., .F., .F.,
 ( 4, 1, 1, 2, 2, 2, 1, 1, 2, 2, 4 ),
 ( 0.0000000000000000000, 0.06249999999999984734, 0.09374999999999977796, 0.1093749999999997780, 0.1249999999999997780, 0.2499999999999999445, 0.3125000000000000000, 0.3437500000000000555, 0.3593750000000000555, 0.3750000000000000555, 0.5000000000000000000 ),
 .UNSPECIFIED. ) ;
#1756 = AXIS2_PLACEMENT_3D ( 'NONE', #894, #251, #411 ) ;
#1757 = CARTESIAN_POINT ( 'NONE',  ( -2.899999661469999879, 0.2499988314650000154, -0.04891760830200000271 ) ) ;
#1758 = PERSON_AND_ORGANIZATION_ROLE ( 'design_supplier' ) ;
#1759 = DIRECTION ( 'NONE',  ( -0.5522855082757647249, 0.0000000000000000000, -0.8336550349806448601 ) ) ;
#1760 = ORIENTED_EDGE ( 'NONE', *, *, #1396, .T. ) ;
#1761 = EDGE_CURVE ( 'NONE', #1532, #1901, #1920, .T. ) ;
#1762 = LINE ( 'NONE', #852, #1987 ) ;
#1763 = DIRECTION ( 'NONE',  ( 0.03490189945062364962, 0.0000000000000000000, -0.9993907431103904448 ) ) ;
#1764 = DIRECTION ( 'NONE',  ( -1.259731379219743998E-15, -0.9999999993520002350, -3.599999242370617412E-05 ) ) ;
#1765 = FACE_OUTER_BOUND ( 'NONE', #2012, .T. ) ;
#1766 = LINE ( 'NONE', #1306, #748 ) ;
#1767 = DIRECTION ( 'NONE',  ( 2.029811989991505618E-08, 0.9999999999999996669, 1.375273282870196783E-08 ) ) ;
#1768 = ORIENTED_EDGE ( 'NONE', *, *, #943, .F. ) ;
#1769 = DIRECTION ( 'NONE',  ( -4.747701729643637573E-38, 0.9999999993520003461, 3.599999241811457760E-05 ) ) ;
#1770 = CARTESIAN_POINT ( 'NONE',  ( -9.867439985593583172E-06, -0.9474898038915613441, -0.04991779492946513824 ) ) ;
#1771 = ADVANCED_FACE ( 'NONE', ( #1329 ), #1462, .T. ) ;
#1772 = LINE ( 'NONE', #1599, #1659 ) ;
#1773 = DIRECTION ( 'NONE',  ( 2.519462758439488490E-16, 0.9999999993520002350, 3.599999242380853636E-05 ) ) ;
#1774 = DIRECTION ( 'NONE',  ( -0.01738601487461028522, 0.08717842683753941613, -0.9960409872996750513 ) ) ;
#1775 = PERSON_AND_ORGANIZATION ( #1235, #1093 ) ;
#1776 = DIRECTION ( 'NONE',  ( -0.0000000000000000000, 0.9999999999999991118, 4.371140915892995802E-08 ) ) ;
#1777 = ORIENTED_EDGE ( 'NONE', *, *, #481, .F. ) ;
#1778 = DIRECTION ( 'NONE',  ( -0.0000000000000000000, 0.9999999999999991118, 4.371140915892995802E-08 ) ) ;
#1779 = SHAPE_REPRESENTATION_RELATIONSHIP ( 'NONE' , 'NONE' ,  #1125, #874 ) ;
#1780 = DIRECTION ( 'NONE',  ( -0.5543277669834305588, 3.638093852187544832E-08, -0.8322984601398479843 ) ) ;
#1781 = AXIS2_PLACEMENT_3D ( 'NONE', #1388, #2028, #1865 ) ;
#1782 = FACE_OUTER_BOUND ( 'NONE', #1184, .T. ) ;
#1783 = CIRCLE ( 'NONE', #107, 0.3500000000000000333 ) ;
#1784 = CARTESIAN_POINT ( 'NONE',  ( 1.154457062559999914, -1.265007848320000017, -0.9424292261559999995 ) ) ;
#1785 = EDGE_CURVE ( 'NONE', #1641, #1901, #224, .T. ) ;
#1786 = VECTOR ( 'NONE', #2031, 1000.000000000000227 ) ;
#1787 = CARTESIAN_POINT ( 'NONE',  ( -1.135175811510385602, 0.1999600207401148744, -0.04987648674574242380 ) ) ;
#1788 = APPLICATION_PROTOCOL_DEFINITION ( 'international standard', 'config_control_design', 1994, #2001 ) ;
#1789 = APPROVAL_PERSON_ORGANIZATION ( #1096, #1943, #795 ) ;
#1790 = VECTOR ( 'NONE', #1669, 1000.000000000000000 ) ;
#1791 = CC_DESIGN_DATE_AND_TIME_ASSIGNMENT ( #1250, #1432, ( #1972 ) ) ;
#1792 = DIRECTION ( 'NONE',  ( -2.686129714937000368E-20, -3.599999242732001648E-05, 0.9999999993520003461 ) ) ;
#1793 = CARTESIAN_POINT ( 'NONE',  ( -0.06007547478142351988, -0.9475234330987510889, -0.04991779614143394828 ) ) ;
#1794 = ORIENTED_EDGE ( 'NONE', *, *, #285, .F. ) ;
#1795 = ORIENTED_EDGE ( 'NONE', *, *, #1938, .T. ) ;
#1796 = CARTESIAN_POINT ( 'NONE',  ( 1.701086750113001367, 0.2499988396775038313, -0.2367977056899999988 ) ) ;
#1797 = LINE ( 'NONE', #517, #540 ) ;
#1798 = ORIENTED_EDGE ( 'NONE', *, *, #849, .T. ) ;
#1799 = CARTESIAN_POINT ( 'NONE',  ( -2.906979580591875223, 0.2499988419549999952, -0.2487825883373660507 ) ) ;
#1800 = DIRECTION ( 'NONE',  ( 7.420570192495242937E-16, 0.9945181316998986665, 0.1045642659809893626 ) ) ;
#1801 = ADVANCED_FACE ( 'NONE', ( #683 ), #979, .T. ) ;
#1802 = VERTEX_POINT ( 'NONE', #1315 ) ;
#1803 = DIRECTION ( 'NONE',  ( -0.0000000000000000000, 0.9999999999999991118, 4.371140915892995802E-08 ) ) ;
#1804 = EDGE_LOOP ( 'NONE', ( #730, #1868, #2024, #1467 ) ) ;
#1805 = CARTESIAN_POINT ( 'NONE',  ( 1.088701569417710013, -1.088741807669999950, -0.3168011535522403110 ) ) ;
#1806 = LINE ( 'NONE', #1924, #1523 ) ;
#1807 = APPROVAL_ROLE ( '' ) ;
#1808 = VERTEX_POINT ( 'NONE', #1166 ) ;
#1809 = EDGE_CURVE ( 'NONE', #760, #222, #1151, .T. ) ;
#1810 = ORIENTED_EDGE ( 'NONE', *, *, #1608, .F. ) ;
#1811 = PRODUCT_DEFINITION ( 'UNKNOWN', '', #404, #1058 ) ;
#1812 = CARTESIAN_POINT ( 'NONE',  ( 2.900001438275908061, 0.2499988314644449039, -0.04890490831089294027 ) ) ;
#1813 = VECTOR ( 'NONE', #1605, 1000.000000000000114 ) ;
#1814 = ORIENTED_EDGE ( 'NONE', *, *, #901, .T. ) ;
#1815 = LINE ( 'NONE', #1647, #872 ) ;
#1816 = LINE ( 'NONE', #96, #1556 ) ;
#1817 = VECTOR ( 'NONE', #685, 1000.000000000000000 ) ;
#1818 = COORDINATED_UNIVERSAL_TIME_OFFSET ( 5, 0, .BEHIND. ) ;
#1819 = AXIS2_PLACEMENT_3D ( 'NONE', #444, #1072, #560 ) ;
#1820 = DIRECTION ( 'NONE',  ( 0.0000000000000000000, -0.9999999999999991118, -4.371140915892995802E-08 ) ) ;
#1821 = CC_DESIGN_PERSON_AND_ORGANIZATION_ASSIGNMENT ( #119, #1862, ( #809 ) ) ;
#1822 = VECTOR ( 'NONE', #65, 1000.000000000000114 ) ;
#1823 = EDGE_LOOP ( 'NONE', ( #1936, #35, #1327, #1138 ) ) ;
#1824 = VECTOR ( 'NONE', #416, 1000.000000000000000 ) ;
#1825 = ADVANCED_FACE ( 'NONE', ( #1782 ), #349, .T. ) ;
#1826 = ORIENTED_EDGE ( 'NONE', *, *, #115, .T. ) ;
#1827 = LINE ( 'NONE', #1999, #1293 ) ;
#1828 = CYLINDRICAL_SURFACE ( 'NONE', #703, 0.3500000000000000333 ) ;
#1829 = ORIENTED_EDGE ( 'NONE', *, *, #2037, .T. ) ;
#1830 = DIRECTION ( 'NONE',  ( 0.0000000000000000000, -0.9999999999999991118, -4.371140915892995802E-08 ) ) ;
#1831 = CC_DESIGN_PERSON_AND_ORGANIZATION_ASSIGNMENT ( #871, #1488, ( #1645 ) ) ;
#1832 = DIRECTION ( 'NONE',  ( 0.0000000000000000000, 4.371140927515726471E-08, -0.9999999999999991118 ) ) ;
#1833 = CALENDAR_DATE ( 2025, 18, 9 ) ;
#1834 = CARTESIAN_POINT ( 'NONE',  ( 1.565143926432104315, 0.2499988419549999952, -0.7943781081714640369 ) ) ;
#1835 = EDGE_LOOP ( 'NONE', ( #1736, #507, #1031, #1604 ) ) ;
#1836 = LINE ( 'NONE', #1043, #841 ) ;
#1837 = CARTESIAN_POINT ( 'NONE',  ( -1.565455253043869677, 0.2499988641824357205, -0.7974095121362505534 ) ) ;
#1838 = ORIENTED_EDGE ( 'NONE', *, *, #148, .T. ) ;
#1839 = EDGE_CURVE ( 'NONE', #1687, #1930, #1592, .T. ) ;
#1840 = DIRECTION ( 'NONE',  ( -0.0000000000000000000, 0.9999999999999991118, 4.371140915892995802E-08 ) ) ;
#1841 = PERSON_AND_ORGANIZATION ( #1235, #1093 ) ;
#1842 = DIRECTION ( 'NONE',  ( -0.5609150584880991941, 0.0000000000000000000, 0.8278733581661462670 ) ) ;
#1843 = CARTESIAN_POINT ( 'NONE',  ( -0.8338250029440015254, -0.4522294687156196979, -0.04989996556245531595 ) ) ;
#1844 = ORIENTED_EDGE ( 'NONE', *, *, #501, .F. ) ;
#1845 = CARTESIAN_POINT ( 'NONE',  ( -1.270670507985999897, -0.2500001444947114182, -0.5989060701576608414 ) ) ;
#1846 = CARTESIAN_POINT ( 'NONE',  ( 1.034373634920544793, -1.034365880829906992, -1.649920923506083215 ) ) ;
#1847 = VERTEX_POINT ( 'NONE', #608 ) ;
#1848 = COORDINATED_UNIVERSAL_TIME_OFFSET ( 5, 0, .BEHIND. ) ;
#1849 = ADVANCED_FACE ( 'NONE', ( #1671 ), #1709, .T. ) ;
#1850 = DIRECTION ( 'NONE',  ( -2.457524924300476927E-14, 4.371140927515726471E-08, -0.9999999999999991118 ) ) ;
#1851 = SHAPE_REPRESENTATION_RELATIONSHIP ( 'NONE' , 'NONE' ,  #1552, #25 ) ;
#1852 = VECTOR ( 'NONE', #1033, 1000.000000000000114 ) ;
#1853 = EDGE_CURVE ( 'NONE', #1243, #1383, #1055, .T. ) ;
#1854 = CARTESIAN_POINT ( 'NONE',  ( -0.8869322368993161065, 0.3335450812134645449, -0.04987167768458994344 ) ) ;
#1855 = ORIENTED_EDGE ( 'NONE', *, *, #1664, .F. ) ;
#1856 = DIRECTION ( 'NONE',  ( 0.0000000000000000000, 0.8164757957931420007, 0.5773796626864817760 ) ) ;
#1857 = CC_DESIGN_APPROVAL ( #574, ( #1972 ) ) ;
#1858 = VECTOR ( 'NONE', #369, 1000.000000000000000 ) ;
#1859 = CARTESIAN_POINT ( 'NONE',  ( 0.7031190809479518355, -0.2333436256475135973, 0.5953631445143460210 ) ) ;
#1860 = VERTEX_POINT ( 'NONE', #116 ) ;
#1861 = CARTESIAN_POINT ( 'NONE',  ( -0.6234802672859386385, -0.3648199089799195605, 0.6735322765275753021 ) ) ;
#1862 = PERSON_AND_ORGANIZATION_ROLE ( 'classification_officer' ) ;
#1863 = CARTESIAN_POINT ( 'NONE',  ( -1.135175811510385824, -0.2000399790084324281, -0.04989088674286026870 ) ) ;
#1864 = DIRECTION ( 'NONE',  ( 1.000000000000000000, 0.0000000000000000000, 0.0000000000000000000 ) ) ;
#1865 = DIRECTION ( 'NONE',  ( 7.461421452756461834E-16, 0.9999999993520002350, 3.599999242902760779E-05 ) ) ;
#1866 = EDGE_LOOP ( 'NONE', ( #621, #1302, #1312 ) ) ;
#1867 = CARTESIAN_POINT ( 'NONE',  ( 26152.32988561322782, 17.96392051623659114, -498999.0585163218784 ) ) ;
#1868 = ORIENTED_EDGE ( 'NONE', *, *, #1928, .T. ) ;
#1869 = CARTESIAN_POINT ( 'NONE',  ( -1.990090995309000022, 0.2499988481619999647, -0.4309053867050000597 ) ) ;
#1870 = CALENDAR_DATE ( 2025, 18, 9 ) ;
#1871 = ORIENTED_EDGE ( 'NONE', *, *, #1074, .F. ) ;
#1872 = LINE ( 'NONE', #1404, #1364 ) ;
#1873 = APPLICATION_PROTOCOL_DEFINITION ( 'international standard', 'config_control_design', 1994, #1384 ) ;
#1874 = CARTESIAN_POINT ( 'NONE',  ( 2.900001437767660395, -0.2500001685360002113, -0.04890490832862330606 ) ) ;
#1875 = CARTESIAN_POINT ( 'NONE',  ( -9.867439985100565951E-06, 0.8974766621560494873, -0.002468173933377062427 ) ) ;
#1876 = ORIENTED_EDGE ( 'NONE', *, *, #1407, .T. ) ;
#1877 = ADVANCED_FACE ( 'NONE', ( #589 ), #862, .T. ) ;
#1878 = CARTESIAN_POINT ( 'NONE',  ( -1.031112544910000040, 1.210018970069999922, -1.687340125691999981 ) ) ;
#1879 = ORIENTED_EDGE ( 'NONE', *, *, #1300, .F. ) ;
#1880 = APPROVAL ( #1612, 'UNSPECIFIED' ) ;
#1881 = CARTESIAN_POINT ( 'NONE',  ( -1.749685585952933664, -0.8748901876253090126, 0.2931348342479775937 ) ) ;
#1882 = VERTEX_POINT ( 'NONE', #1812 ) ;
#1883 = VECTOR ( 'NONE', #315, 1000.000000000000000 ) ;
#1884 = LINE ( 'NONE', #173, #1089 ) ;
#1885 = COORDINATED_UNIVERSAL_TIME_OFFSET ( 5, 0, .BEHIND. ) ;
#1886 = AXIS2_PLACEMENT_3D ( 'NONE', #1435, #1466, #1460 ) ;
#1887 = DIRECTION ( 'NONE',  ( 0.0000000000000000000, -0.9999999999999991118, -4.371140915892995802E-08 ) ) ;
#1888 = CARTESIAN_POINT ( 'NONE',  ( -9.867439985101001326E-06, -5.232893572278476279E-05, 0.2931663282102797696 ) ) ;
#1889 = VERTEX_POINT ( 'NONE', #1846 ) ;
#1890 = AXIS2_PLACEMENT_3D ( 'NONE', #1878, #1410, #1267 ) ;
#1891 = EDGE_CURVE ( 'NONE', #526, #1641, #1196, .T. ) ;
#1892 = CARTESIAN_POINT ( 'NONE',  ( -9.867439984219824480E-06, 0.6987140713418892313, 0.6735705638201543444 ) ) ;
#1893 = ORIENTED_EDGE ( 'NONE', *, *, #1153, .F. ) ;
#1894 = CC_DESIGN_APPROVAL ( #2015, ( #668 ) ) ;
#1895 = CIRCLE ( 'NONE', #996, 0.1499999999999999944 ) ;
#1896 = ADVANCED_FACE ( 'NONE', ( #83 ), #1828, .T. ) ;
#1897 = AXIS2_PLACEMENT_3D ( 'NONE', #1186, #1693, #610 ) ;
#1898 = CARTESIAN_POINT ( 'NONE',  ( -9.867439984916685262E-06, 0.8832297414631288257, 0.2691921637169401027 ) ) ;
#1899 = ORIENTED_EDGE ( 'NONE', *, *, #819, .T. ) ;
#1900 = PLANE ( 'NONE',  #936 ) ;
#1901 = VERTEX_POINT ( 'NONE', #125 ) ;
#1902 = LINE ( 'NONE', #133, #1786 ) ;
#1903 = ORIENTED_EDGE ( 'NONE', *, *, #1074, .T. ) ;
#1904 = DIRECTION ( 'NONE',  ( 0.0000000000000000000, 4.371140912027124196E-08, -0.9999999999999990008 ) ) ;
#1905 = ADVANCED_FACE ( 'NONE', ( #895 ), #1514, .T. ) ;
#1906 = CARTESIAN_POINT ( 'NONE',  ( 1.766552546073505425, -0.8833326709056297243, 0.2691285674834311692 ) ) ;
#1907 = DATE_AND_TIME ( #633, #1491 ) ;
#1908 = CARTESIAN_POINT ( 'NONE',  ( -0.3206080906501638794, -0.8917240469649981849, -0.04991578736395437671 ) ) ;
#1909 = VERTEX_POINT ( 'NONE', #12 ) ;
#1910 = VERTEX_POINT ( 'NONE', #1075 ) ;
#1911 = DIRECTION ( 'NONE',  ( -0.03489920130553395700, -4.368478180039990908E-08, 0.9993908373345404828 ) ) ;
#1912 = PLANE ( 'NONE',  #573 ) ;
#1913 = ADVANCED_FACE ( 'NONE', ( #812 ), #1275, .T. ) ;
#1914 = APPLICATION_PROTOCOL_DEFINITION ( 'international standard', 'config_control_design', 1994, #1211 ) ;
#1915 = LINE ( 'NONE', #1629, #6 ) ;
#1916 = EDGE_CURVE ( 'NONE', #104, #1346, #422, .T. ) ;
#1917 = EDGE_LOOP ( 'NONE', ( #50, #948, #1076, #2029 ) ) ;
#1918 = CARTESIAN_POINT ( 'NONE',  ( 0.9391247002025969737, -0.1488975923022074488, -0.04988904561719436498 ) ) ;
#1919 = AXIS2_PLACEMENT_3D ( 'NONE', #1470, #62, #693 ) ;
#1920 = LINE ( 'NONE', #820, #1452 ) ;
#1921 = LOCAL_TIME ( 2, 48, 26.00000000000000000, #1885 ) ;
#1922 = DIRECTION ( 'NONE',  ( -0.08682659386414721958, 0.08686232137572688639, -0.9924293827387268285 ) ) ;
#1923 = VECTOR ( 'NONE', #114, 1000.000000000000114 ) ;
#1924 = CARTESIAN_POINT ( 'NONE',  ( -1.135175811511541344, 0.1999600207399999385, -0.04987648674573286200 ) ) ;
#1925 = DATE_AND_TIME ( #1585, #962 ) ;
#1926 = DIRECTION ( 'NONE',  ( 0.03490189945060366561, 0.0000000000000000000, 0.9993907431103912220 ) ) ;
#1927 = EDGE_LOOP ( 'NONE', ( #1330, #551, #1946 ) ) ;
#1928 = EDGE_CURVE ( 'NONE', #318, #1471, #940, .T. ) ;
#1929 = CARTESIAN_POINT ( 'NONE',  ( 0.8869125020257954128, -0.3336250394734951441, -0.04989569580389795894 ) ) ;
#1930 = VERTEX_POINT ( 'NONE', #1400 ) ;
#1931 = DIRECTION ( 'NONE',  ( 0.01745240642600026301, 0.0000000000000000000, -0.9998476951565881121 ) ) ;
#1932 = CARTESIAN_POINT ( 'NONE',  ( 1.857626598486382230, -0.2500001552490002665, -0.3528860963800549699 ) ) ;
#1933 = CARTESIAN_POINT ( 'NONE',  ( -0.1829500683348378454, 0.6987140712743505899, 0.6735705637428366366 ) ) ;
#1934 = FACE_OUTER_BOUND ( 'NONE', #1948, .T. ) ;
#1935 = CARTESIAN_POINT ( 'NONE',  ( -1.150012273042774202, -0.2743747429610681188, -0.8998935633439651971 ) ) ;
#1936 = ORIENTED_EDGE ( 'NONE', *, *, #1638, .T. ) ;
#1937 = CARTESIAN_POINT ( 'NONE',  ( 0.0000000000000000000, 0.0000000000000000000, 0.0000000000000000000 ) ) ;
#1938 = EDGE_CURVE ( 'NONE', #100, #447, #1992, .T. ) ;
#1939 = ORIENTED_EDGE ( 'NONE', *, *, #136, .F. ) ;
#1940 = DIRECTION ( 'NONE',  ( -7.461589892717078984E-16, -0.9999999993520002350, -3.599999242520220371E-05 ) ) ;
#1941 = DIRECTION ( 'NONE',  ( -0.9945218953682619656, -3.763023885334992154E-06, 0.1045284632000275521 ) ) ;
#1942 = CARTESIAN_POINT ( 'NONE',  ( -1.275699577686000064, 0.2499988556005643403, -0.6010892416649999959 ) ) ;
#1943 = APPROVAL ( #658, 'UNSPECIFIED' ) ;
#1944 = CARTESIAN_POINT ( 'NONE',  ( 1.900013608592686865, -0.2500001552490002110, -0.2889044349683979607 ) ) ;
#1945 = DIRECTION ( 'NONE',  ( 0.9993908373345413709, 0.0000000000000000000, -0.03489920130553398475 ) ) ;
#1946 = ORIENTED_EDGE ( 'NONE', *, *, #177, .F. ) ;
#1947 = CARTESIAN_POINT ( 'NONE',  ( 0.7621380146821918888, -0.5776836274353465139, -0.04990448191122209831 ) ) ;
#1948 = EDGE_LOOP ( 'NONE', ( #956, #1760, #1899, #467, #28, #1650, #893, #1547, #1575, #1973, #921, #613, #1222 ) ) ;
#1949 = CARTESIAN_POINT ( 'NONE',  ( -1.060671267461300582, -0.2000399790084323171, -0.04989088674273029628 ) ) ;
#1950 = VECTOR ( 'NONE', #1613, 1000.000000000000114 ) ;
#1951 = CARTESIAN_POINT ( 'NONE',  ( 0.1829303334560760941, -0.6988461164313827245, 0.6735202515866299811 ) ) ;
#1952 = ORIENTED_EDGE ( 'NONE', *, *, #1668, .T. ) ;
#1953 = AXIS2_PLACEMENT_3D ( 'NONE', #186, #75, #831 ) ;
#1954 = LINE ( 'NONE', #1805, #1188 ) ;
#1955 = AXIS2_PLACEMENT_3D ( 'NONE', #1737, #145, #317 ) ;
#1956 = APPROVAL ( #450, 'UNKNOWN' ) ;
#1957 = COORDINATED_UNIVERSAL_TIME_OFFSET ( 5, 0, .BEHIND. ) ;
#1958 = ORIENTED_EDGE ( 'NONE', *, *, #1039, .T. ) ;
#1959 = VECTOR ( 'NONE', #728, 1000.000000000000114 ) ;
#1960 = DIRECTION ( 'NONE',  ( 1.000000000000000000, 1.224649374595218169E-16, -7.151818984669322544E-18 ) ) ;
#1961 = ORIENTED_EDGE ( 'NONE', *, *, #695, .F. ) ;
#1962 = CARTESIAN_POINT ( 'NONE',  ( 2.906981358530017268, -0.2500001656240003478, -0.2487699101578863259 ) ) ;
#1963 = COORDINATED_UNIVERSAL_TIME_OFFSET ( 5, 0, .BEHIND. ) ;
#1964 = VERTEX_POINT ( 'NONE', #1560 ) ;
#1965 = DIRECTION ( 'NONE',  ( 0.0000000000000000000, -0.08711987968967480067, -0.9961978350522835424 ) ) ;
#1966 = DIRECTION ( 'NONE',  ( -0.9993907431103912220, -1.525611207309597002E-09, 0.03490189945060366561 ) ) ;
#1967 = PLANE ( 'NONE',  #640 ) ;
#1968 = LINE ( 'NONE', #847, #479 ) ;
#1969 = SHAPE_DEFINITION_REPRESENTATION ( #541, #1552 ) ;
#1970 = ADVANCED_FACE ( 'NONE', ( #649 ), #480, .T. ) ;
#1971 = ORIENTED_EDGE ( 'NONE', *, *, #612, .T. ) ;
#1972 = PRODUCT_DEFINITION ( 'UNKNOWN', '', #1290, #1541 ) ;
#1973 = ORIENTED_EDGE ( 'NONE', *, *, #550, .T. ) ;
#1974 = CARTESIAN_POINT ( 'NONE',  ( -1.270670507985999675, 0.2499988620624535030, -0.7489060483020000270 ) ) ;
#1975 = CARTESIAN_POINT ( 'NONE',  ( -0.7031388158279276990, -0.1267945184252383395, 0.6639742713179896949 ) ) ;
#1976 = ORIENTED_EDGE ( 'NONE', *, *, #1577, .T. ) ;
#1977 = DIRECTION ( 'NONE',  ( 0.1039620511845325418, -0.1039264423489001388, -0.9891365863692462845 ) ) ;
#1978 = CARTESIAN_POINT ( 'NONE',  ( 1.149919886614935383, -0.2743162943660808484, -0.8992252157053263195 ) ) ;
#1979 = PERSON_AND_ORGANIZATION_ROLE ( 'creator' ) ;
#1980 = EDGE_CURVE ( 'NONE', #397, #1699, #1572, .T. ) ;
#1981 = EDGE_LOOP ( 'NONE', ( #559, #688, #2040, #1795, #367, #294 ) ) ;
#1982 = APPROVAL ( #248, 'UNKNOWN' ) ;
#1983 = EDGE_LOOP ( 'NONE', ( #681, #1274, #597, #1798 ) ) ;
#1984 = DIRECTION ( 'NONE',  ( -0.0000000000000000000, 0.9999999993520002350, 3.599999242732000970E-05 ) ) ;
#1985 = VECTOR ( 'NONE', #392, 1000.000000000000000 ) ;
#1986 = CARTESIAN_POINT ( 'NONE',  ( -0.3873602218907146177, -0.9297972103981383407, 0.7727262501551386276 ) ) ;
#1987 = VECTOR ( 'NONE', #1283, 999.9999999999998863 ) ;
#1988 = DIRECTION ( 'NONE',  ( 1.000000000000000000, -7.404748080771062844E-16, -6.481001254585314134E-17 ) ) ;
#1989 = CARTESIAN_POINT ( 'NONE',  ( 1.273365434688432218, 0.2499988708993546582, -0.9510781650854023273 ) ) ;
#1990 = VECTOR ( 'NONE', #1386, 1000.000000000000114 ) ;
#1991 = PERSON_AND_ORGANIZATION ( #1235, #1093 ) ;
#1992 = CIRCLE ( 'NONE', #742, 0.8975183486408415678 ) ;
#1993 = LINE ( 'NONE', #749, #1356 ) ;
#1994 = LOCAL_TIME ( 2, 48, 26.00000000000000000, #1040 ) ;
#1995 = VECTOR ( 'NONE', #1803, 1000.000000000000000 ) ;
#1996 = VECTOR ( 'NONE', #746, 1000.000000000000000 ) ;
#1997 = VERTEX_POINT ( 'NONE', #2041 ) ;
#1998 = ADVANCED_FACE ( 'NONE', ( #153 ), #195, .T. ) ;
#1999 = CARTESIAN_POINT ( 'NONE',  ( 1.135168033170000257, -1.166767518409999926, -0.04992568892685000231 ) ) ;
#2000 = CARTESIAN_POINT ( 'NONE',  ( -0.7031388158279276990, -0.2857843475829058288, 0.4799934359508557513 ) ) ;
#2001 = APPLICATION_CONTEXT ( 'configuration controlled 3d designs of mechanical parts and assemblies' ) ;
#2002 = ORIENTED_EDGE ( 'NONE', *, *, #376, .F. ) ;
#2003 = CARTESIAN_POINT ( 'NONE',  ( -1.210009867439999942, -1.031083705949999985, -1.687420805372000121 ) ) ;
#2004 = CARTESIAN_POINT ( 'NONE',  ( 1.149987383298508359, -0.2743724554198462284, -0.8998674057601703247 ) ) ;
#2005 = APPROVAL_ROLE ( '' ) ;
#2006 = CARTESIAN_POINT ( 'NONE',  ( 0.3335751931199068543, 0.8868823897584789950, -0.04985175754565969453 ) ) ;
#2007 = VERTEX_POINT ( 'NONE', #769 ) ;
#2008 = PERSON ( 'NAUO-PER2', 'UNSPECIFIED', 'UNSPECIFIED', ('UNSPECIFIED'), ('UNSPECIFIED'), ('UNSPECIFIED') ) ;
#2009 = CARTESIAN_POINT ( 'NONE',  ( -1.150009867440001221, -1.265009378320000044, -0.8999292261839999529 ) ) ;
#2010 = ADVANCED_FACE ( 'NONE', ( #1546 ), #628, .T. ) ;
#2011 = DIRECTION ( 'NONE',  ( -0.0000000000000000000, 0.9999999999999991118, 4.371140915892995802E-08 ) ) ;
#2012 = EDGE_LOOP ( 'NONE', ( #289, #1127, #1606 ) ) ;
#2013 = DIRECTION ( 'NONE',  ( 7.146840493190445439E-18, 0.0000000000000000000, 1.000000000000000000 ) ) ;
#2014 = PERSON_AND_ORGANIZATION_ROLE ( 'creator' ) ;
#2015 = APPROVAL ( #1319, 'UNSPECIFIED' ) ;
#2016 = DIRECTION ( 'NONE',  ( -4.762238019982850051E-19, 3.599999242678743604E-05, -0.9999999993520003461 ) ) ;
#2017 = ORIENTED_EDGE ( 'NONE', *, *, #1206, .F. ) ;
#2018 = VERTEX_POINT ( 'NONE', #161 ) ;
#2019 = DIRECTION ( 'NONE',  ( 2.686129714937000970E-20, 3.599999242732001648E-05, -0.9999999993520003461 ) ) ;
#2020 = ORIENTED_EDGE ( 'NONE', *, *, #733, .F. ) ;
#2021 = VECTOR ( 'NONE', #997, 1000.000000000000114 ) ;
#2022 = CARTESIAN_POINT ( 'NONE',  ( -1.265009867440000102, -1.060701378469599776, -0.04992187054665198770 ) ) ;
#2023 = DATE_TIME_ROLE ( 'creation_date' ) ;
#2024 = ORIENTED_EDGE ( 'NONE', *, *, #282, .F. ) ;
#2025 = EDGE_CURVE ( 'NONE', #1630, #162, #1902, .T. ) ;
#2026 = LINE ( 'NONE', #776, #1620 ) ;
#2027 = ORGANIZATION ( 'NAUO-ORG1', 'UNSPECIFIED', 'UNSPECIFIED' ) ;
#2028 = DIRECTION ( 'NONE',  ( 2.686129714937000970E-20, 3.599999242732001648E-05, -0.9999999993520003461 ) ) ;
#2029 = ORIENTED_EDGE ( 'NONE', *, *, #99, .T. ) ;
#2030 = VECTOR ( 'NONE', #715, 1000.000000000000114 ) ;
#2031 = DIRECTION ( 'NONE',  ( 1.389750057455154106E-14, 0.9999999993520002350, 3.599999227379012450E-05 ) ) ;
#2032 = ORIENTED_EDGE ( 'NONE', *, *, #708, .F. ) ;
#2033 = CARTESIAN_POINT ( 'NONE',  ( 1.149987383298508359, -0.2743724554198462284, -0.8998674057601703247 ) ) ;
#2034 = ITEM_DEFINED_TRANSFORMATION ( 'NONE', 'NONE', #1525,  #1224 ) ;
#2035 = VERTEX_POINT ( 'NONE', #465 ) ;
#2036 = LINE ( 'NONE', #1834, #1990 ) ;
#2037 = EDGE_CURVE ( 'NONE', #760, #1641, #1108, .T. ) ;
#2038 = ORIENTED_EDGE ( 'NONE', *, *, #1521, .T. ) ;
#2039 = EDGE_CURVE ( 'NONE', #311, #1434, #955, .T. ) ;
#2040 = ORIENTED_EDGE ( 'NONE', *, *, #292, .T. ) ;
#2041 = CARTESIAN_POINT ( 'NONE',  ( 1.857626593455341979, 0.2499988447516116319, -0.3528860821187350671 ) ) ;
#2042 = VERTEX_POINT ( 'NONE', #790 ) ;
#2043 = FACE_OUTER_BOUND ( 'NONE', #1018, .T. ) ;
#2044 = ORIENTED_EDGE ( 'NONE', *, *, #833, .F. ) ;
#2045 = COORDINATED_UNIVERSAL_TIME_OFFSET ( 5, 0, .BEHIND. ) ;
#2046 = DIRECTION ( 'NONE',  ( 7.433103253724117508E-16, 0.9961978350522835424, -0.08711987968967480067 ) ) ;
#2047 = ADVANCED_FACE ( 'NONE', ( #2049 ), #1559, .F. ) ;
#2048 = CARTESIAN_POINT ( 'NONE',  ( -0.4085655326563341627, 0.8549965020325693832, -0.04985290543737707497 ) ) ;
#2049 = FACE_OUTER_BOUND ( 'NONE', #10, .T. ) ;
#2050 = NEXT_ASSEMBLY_USAGE_OCCURRENCE ( 'NAUO1', ' ', ' ', #1972, #492, $ ) ;
#2051 = NEXT_ASSEMBLY_USAGE_OCCURRENCE ( 'NAUO2', ' ', ' ', #1972, #1811, $ ) ;
ENDSEC;
END-ISO-10303-21;
